-- MySQL dump 10.13  Distrib 8.0.20, for macos10.15 (x86_64)
--
-- Host: 127.0.0.1    Database: rocketmq_practice
-- ------------------------------------------------------
-- Server version	8.0.21

/*!40101 SET @OLD_CHARACTER_SET_CLIENT=@@CHARACTER_SET_CLIENT */;
/*!40101 SET @OLD_CHARACTER_SET_RESULTS=@@CHARACTER_SET_RESULTS */;
/*!40101 SET @OLD_COLLATION_CONNECTION=@@COLLATION_CONNECTION */;
/*!50503 SET NAMES utf8 */;
/*!40103 SET @OLD_TIME_ZONE=@@TIME_ZONE */;
/*!40103 SET TIME_ZONE='+00:00' */;
/*!40014 SET @OLD_UNIQUE_CHECKS=@@UNIQUE_CHECKS, UNIQUE_CHECKS=0 */;
/*!40014 SET @OLD_FOREIGN_KEY_CHECKS=@@FOREIGN_KEY_CHECKS, FOREIGN_KEY_CHECKS=0 */;
/*!40101 SET @OLD_SQL_MODE=@@SQL_MODE, SQL_MODE='NO_AUTO_VALUE_ON_ZERO' */;
/*!40111 SET @OLD_SQL_NOTES=@@SQL_NOTES, SQL_NOTES=0 */;

--
-- Table structure for table `good_num`
--

DROP TABLE IF EXISTS `good_num`;
/*!40101 SET @saved_cs_client     = @@character_set_client */;
/*!50503 SET character_set_client = utf8mb4 */;
CREATE TABLE `good_num` (
  `id` bigint NOT NULL COMMENT '主键ID',
  `good_id` varchar(45) NOT NULL COMMENT '商品ID',
  `sale_num` bigint NOT NULL COMMENT '售卖库存',
  PRIMARY KEY (`id`)
) ENGINE=InnoDB DEFAULT CHARSET=utf8mb4 COLLATE=utf8mb4_0900_ai_ci;
/*!40101 SET character_set_client = @saved_cs_client */;

--
-- Dumping data for table `good_num`
--

LOCK TABLES `good_num` WRITE;
/*!40000 ALTER TABLE `good_num` DISABLE KEYS */;
INSERT INTO `good_num` VALUES (394181,'886219696good',628102955),(1062237,'867567684good',545179237),(2399536,'806700931good',143449605),(2868769,'65506345good',165903419),(5165859,'883014053good',287672501),(5229246,'860550761good',442940874),(6356266,'932224603good',437569353),(9206813,'483636185good',898834999),(9309723,'220513024good',137394661),(10996982,'789944700good',768984993),(13985248,'865873204good',789072547),(15213490,'260202641good',539519445),(15585289,'791847848good',338664404),(18129121,'22950628good',301091244),(18788885,'292808250good',477367438),(21590196,'630458012good',266620226),(22385466,'512282277good',524030347),(23928159,'771693533good',256362480),(30645485,'632914848good',939282523),(31526428,'883152656good',202786710),(33934291,'54892263good',542703648),(36852071,'599656083good',559106512),(38058411,'724099236good',223558545),(38077814,'408057699good',44840066),(40217755,'903972062good',299144070),(40378659,'29373945good',319136111),(41255345,'774111900good',107059725),(41889681,'849306590good',898571511),(46260413,'910646678good',231847030),(54777413,'710541536good',721786982),(55597146,'814258679good',642939146),(57386779,'104213798good',56188929),(64248603,'648697396good',534556793),(65902781,'706322144good',801584160),(66701103,'747151095good',670751913),(67045105,'748847583good',500123268),(69434069,'715985230good',81312043),(69819613,'315003860good',359980515),(70353129,'205169636good',182846652),(72753205,'971814281good',611373692),(80559950,'454850740good',785451942),(83844468,'208856519good',920855603),(85474263,'239008076good',463430062),(85603594,'302323220good',137834465),(88459320,'873735608good',185873636),(89094333,'915201273good',555954549),(95846564,'926156657good',556793313),(96118975,'599213046good',81309524),(98949984,'713827778good',401257130),(98972495,'677619626good',984655365),(101741738,'831775141good',290998923),(104613208,'566592139good',532190585),(106645382,'964385276good',886274173),(107093154,'464238654good',851116527),(107510523,'214877438good',68692683),(108202936,'371787429good',506776879),(111456222,'911636236good',73248982),(112319969,'282199642good',836250419),(113049822,'333208995good',965228523),(113410988,'126042038good',10101340),(113511656,'801056137good',745852110),(117557554,'403190618good',149418457),(118672225,'81947758good',580134116),(118926728,'746016216good',478649515),(119875787,'467227451good',186280798),(120615919,'688994689good',660956289),(128021126,'819700760good',724630619),(128278731,'746437283good',388192825),(128491511,'396730782good',799633193),(128500449,'833557205good',479499373),(131805323,'362155629good',746788765),(133467124,'877253807good',361895331),(134475790,'652532197good',167191060),(139945408,'605773110good',526974443),(140831314,'208049338good',370475450),(140970380,'440094206good',699456364),(144555515,'363410096good',990778057),(149623246,'58836386good',325689543),(150341941,'475046559good',619062616),(152076212,'741524488good',313656974),(159594291,'330108944good',789885793),(160648253,'320611304good',180081492),(161177558,'163902797good',508963994),(163311912,'13186000good',393793887),(165766619,'770534539good',331299098),(167556549,'309681869good',119816920),(167592817,'974922331good',884098355),(170352495,'405645769good',184700280),(172644164,'708045509good',521773655),(172867400,'782036827good',892017454),(173699212,'106595243good',626154324),(176921108,'764870444good',483538486),(182457484,'451537560good',335026137),(182636012,'483457468good',75978314),(183224050,'550189300good',335123799),(183559841,'561014566good',473807994),(185797783,'261090433good',117895134),(186964497,'892232181good',169551470),(189693436,'687981393good',699935015),(194059743,'552391729good',479569515),(194192475,'545103121good',414578838),(197044641,'702956678good',756053218),(197763833,'929285705good',729427267),(202041655,'162873461good',54833048),(202835640,'591926877good',880366055),(212287672,'945222184good',905717651),(215393962,'876178147good',724978302),(215763525,'559499014good',24186563),(220005033,'236202430good',616901022),(222907723,'778072780good',557527103),(223189139,'540485238good',267532892),(223194207,'618239763good',243089170),(227005914,'956638223good',514897147),(233184916,'875956757good',928780509),(235581540,'891909932good',600069305),(235756914,'541691757good',312026322),(239344358,'383656790good',459595287),(240123683,'826534410good',853219626),(242830377,'180917567good',422415238),(243953085,'75231299good',983933377),(244339804,'830557045good',42518373),(250808963,'106247640good',695947652),(251320713,'852601735good',470307712),(252088959,'159531819good',657591511),(254680015,'623906673good',679996062),(261560076,'80876494good',285168452),(262404582,'377905289good',287063678),(264105880,'652695672good',133839268),(267164590,'208375677good',553546720),(267504930,'761872701good',366227615),(267560174,'217315067good',398190918),(267823042,'957155140good',111587907),(269144161,'439329010good',406214932),(275875351,'980149189good',671324347),(278881786,'150658108good',121076169),(279160581,'910128127good',928842852),(280546541,'43152636good',742856008),(285312098,'540760148good',667878350),(288994311,'639780977good',226303696),(289313527,'596326705good',725505899),(289760006,'783020740good',337327362),(291653469,'246740448good',585593685),(293575377,'746110760good',207285196),(295797508,'176643542good',349316259),(302338869,'10860658good',839055487),(303075776,'219833949good',802548051),(311093058,'498874321good',948550216),(315850856,'85645992good',162664860),(316583622,'452109439good',497208855),(316662270,'163794197good',44533950),(317225631,'424496615good',671836839),(317743052,'215383912good',906005886),(318416407,'682888148good',325693522),(319935507,'806580506good',14339073),(321771951,'735627156good',409256236),(321858580,'968040482good',524541618),(323305136,'705418995good',979029860),(323536761,'845087821good',755647013),(325650993,'356082283good',587123785),(326511249,'78751727good',86754642),(327465666,'19727534good',9981809),(336565376,'769097170good',647155623),(337696895,'522599994good',744847445),(338438390,'335015998good',630765888),(339543507,'616833225good',200125675),(339887258,'578954505good',730035285),(340087019,'772106672good',856079644),(342179516,'766839547good',551471813),(343128612,'110075082good',575435783),(344819630,'708104174good',493582550),(349335094,'613410777good',565937746),(352049271,'455390826good',375808446),(353304428,'236310813good',240994658),(355626239,'484824292good',6020588),(356683268,'652025750good',216399834),(358752740,'717041160good',750537876),(360512125,'955655443good',866373938),(360662248,'375236203good',531067802),(361182286,'53330631good',346025506),(361640321,'335551417good',247641808),(362670312,'404078803good',840833681),(363337955,'298305095good',771584857),(363402575,'341580138good',775003122),(367030231,'949514111good',366545449),(367558398,'127072730good',974950112),(369110411,'164384369good',175334601),(369767192,'779457695good',286956289),(370304307,'804923529good',771596117),(372444939,'275966408good',623440089),(374700376,'974938298good',125684861),(376684692,'349359211good',232508951),(385910820,'350065147good',583564196),(386159947,'7679271good',185527950),(386196468,'297950473good',237333111),(387902430,'315345826good',775911732),(394698238,'466924975good',997374738),(402014728,'156113346good',911880810),(407776796,'315451000good',615127281),(407884937,'728569753good',767622745),(409674961,'365219470good',977293803),(413810706,'417228116good',962382109),(416975061,'204178533good',104617515),(419697396,'388147884good',266908817),(420520129,'996938105good',870418319),(422165410,'183901572good',916310588),(423670805,'981142280good',589084494),(424592750,'93899553good',877100905),(426256072,'234433291good',898901654),(429081652,'770381772good',817732170),(431256019,'444580513good',888853106),(434108509,'821013073good',191415175),(436934424,'899875266good',349324441),(440385067,'300251100good',787639630),(440458332,'51671104good',729146350),(442308661,'970702497good',695585573),(442486566,'113440937good',281162785),(442765100,'383425097good',309079089),(442793878,'737488109good',468956993),(443244298,'545016370good',547480902),(444388707,'855579858good',76093502),(444440059,'10262103good',435689552),(445564047,'226165660good',888149607),(448105481,'285173799good',791396586),(448231108,'879454606good',933719474),(452810883,'544795497good',366478135),(455935409,'620732051good',670547700),(456692753,'927423439good',48781539),(458013561,'521202845good',923398351),(459964846,'132985063good',104757847),(460137006,'483235057good',732849175),(463299861,'183214605good',670666656),(464007363,'954214965good',293265423),(469167776,'731802385good',888585035),(469677792,'471946189good',303989100),(478578497,'173805044good',304778910),(484166856,'186207811good',42281582),(485400976,'691686006good',381027051),(487180781,'710483625good',141381367),(490195220,'401613448good',391006708),(493917605,'694189639good',951522960),(494443065,'211913992good',346470340),(494860311,'472510988good',110225520),(495613217,'789122097good',699136052),(499816454,'188012869good',83196169),(502090517,'788825807good',237865795),(502657700,'525818352good',843111589),(503479824,'885477947good',921117901),(506366241,'160759969good',29750749),(508144030,'632183524good',463952201),(512839937,'660465956good',725639465),(513806213,'798880456good',973857055),(515582181,'612689401good',903338230),(516669416,'978213018good',834477239),(517006788,'818946113good',461654355),(517238983,'446079432good',8279554),(520609080,'658271098good',296649492),(520614376,'627492997good',11217676),(523706996,'169463627good',849061755),(525380044,'251225372good',961900863),(525629815,'149678400good',274053996),(527364201,'492712393good',127370435),(527877758,'871183713good',525033103),(532233790,'128846460good',134909410),(535216183,'867463871good',892206937),(538571400,'532000338good',702430628),(539548941,'521807777good',791510714),(541566118,'65540014good',386237059),(542046659,'926188666good',229265218),(542934398,'700730691good',117888590),(543327247,'853400470good',143947003),(546059749,'38973442good',34036233),(547372146,'7410459good',537542584),(547419471,'681706145good',461990939),(547564553,'203692541good',372884727),(549681038,'871830549good',967962730),(550594946,'994330102good',232904126),(551078667,'455818574good',423549558),(551153456,'383749461good',226741070),(551797192,'534784074good',250595889),(552613960,'875022976good',220304354),(554701096,'806940104good',206502742),(556341706,'746522503good',354757512),(557839045,'946053058good',199717507),(559146598,'304136388good',766783951),(562331889,'2514477good',918220577),(563146494,'126941921good',871347894),(565559342,'540272360good',8825776),(566307968,'365814058good',528621400),(568185632,'148629775good',564538752),(572072222,'137439239good',145888456),(573195347,'745359201good',649822704),(576782412,'661802394good',19655497),(577167190,'201423396good',737306694),(579477138,'853973233good',826964330),(581269667,'734192882good',442734922),(582109607,'345125293good',125072898),(587183109,'565649534good',312603103),(590094796,'568157811good',983310796),(591010990,'97206756good',531136700),(596229200,'771379978good',968265791),(596398995,'237657296good',114315190),(596801437,'602593227good',875702808),(597223007,'321777748good',688432164),(597512285,'168186930good',770160522),(598581389,'658574827good',910881099),(600157668,'78867153good',427961069),(600256551,'837263633good',362301476),(602459089,'16753991good',686276359),(605117000,'79440631good',3531794),(605266517,'999757073good',744184022),(606630131,'353896204good',386058330),(607468261,'661094766good',672208664),(614374073,'302412505good',704728452),(615487552,'219003713good',4161991),(616708029,'513478658good',382714291),(617957869,'905551225good',223005261),(622108465,'270098863good',463252310),(622670008,'108774197good',661395825),(626625018,'45249784good',743482298),(627215864,'647109937good',345152567),(631833104,'607587845good',976933844),(632579748,'154252194good',242500365),(632883463,'424824229good',296688840),(634901181,'752176578good',53299417),(637283830,'356772601good',419914336),(640312899,'415012611good',117610120),(642293322,'636755972good',83072521),(643247527,'571498083good',368797611),(644288127,'529266562good',179278901),(647185220,'754856768good',119404878),(649557380,'878187956good',554657764),(650555912,'862397606good',844278108),(651228870,'462983281good',998321340),(654051739,'506753743good',41596122),(655073473,'475043027good',681698157),(657414687,'446422417good',670740215),(662550360,'717511987good',801507280),(663998620,'73538254good',126402854),(665700197,'282485576good',582649674),(666197631,'719052710good',862738599),(666879409,'487367241good',292536316),(667841578,'118797805good',793144291),(668070729,'874786496good',995033524),(669884689,'913229021good',37433340),(671514066,'116310150good',720402494),(672454124,'667932423good',664227608),(675376036,'931384664good',429859467),(677470633,'805229712good',97842574),(677586577,'721416096good',799903129),(677723079,'270385603good',160824019),(681855551,'821757215good',338670663),(684592087,'47709657good',633882814),(685111406,'425629742good',685214817),(685381999,'868519584good',596586601),(685637239,'389732139good',664904534),(687574982,'305483297good',593008241),(687672536,'876405535good',226761414),(688771994,'466624718good',36130422),(690985309,'656898715good',59804551),(691936950,'194488278good',295253208),(696371804,'355503867good',679328812),(698140482,'935078466good',807024807),(703333865,'324308602good',826317957),(703339420,'515111740good',736538741),(708103656,'872444420good',110283413),(711199814,'446200934good',382131844),(712255858,'806436875good',721778384),(713272173,'876285861good',714323152),(714845636,'321262024good',492873226),(719690580,'505314957good',313741596),(721935771,'907863099good',817237468),(726284340,'79712503good',510685487),(727675831,'404480984good',47326067),(730652279,'456651586good',903712807),(732052760,'505049509good',847046765),(733091879,'243156849good',620596090),(735000437,'262512158good',396657591),(735523149,'64668891good',512328902),(736513861,'932479291good',916447771),(738836227,'224878951good',655645037),(743904550,'791437376good',34588864),(745316600,'117400882good',783459812),(751865933,'365962121good',814428670),(752187527,'438817045good',691145167),(752536497,'847226488good',580428484),(753779954,'89902998good',265758629),(757543196,'910781895good',159257961),(760482938,'604561726good',864293477),(760697598,'182002191good',432404459),(762037039,'29903706good',782640342),(769041326,'362808913good',968362339),(774405200,'151354039good',548907296),(775079670,'637628252good',396929056),(776056325,'995599431good',850700629),(777713469,'519072966good',543459239),(780295323,'435248596good',320097338),(789189158,'886832750good',674309350),(789878751,'58076243good',944514221),(793056837,'615075149good',694576287),(795564023,'161632874good',582443951),(799369197,'675401309good',922859280),(799407254,'485817374good',352137829),(799765482,'619989767good',649217453),(799986904,'916291574good',495452176),(800193045,'156088842good',941788291),(802793854,'762135097good',769032055),(803394585,'529937999good',360773145),(807141741,'868644147good',545183203),(809205494,'670541436good',244150213),(809758340,'293908969good',977871003),(815829040,'556041908good',249148210),(817085650,'642953060good',573076460),(817329121,'243148280good',420135992),(818953139,'62371488good',487694751),(819200022,'873787951good',305733334),(823271078,'665457102good',426653979),(823704594,'13937410good',321659952),(830688835,'743017153good',367096744),(833834748,'209066760good',212271532),(841075709,'741312672good',455612300),(841939969,'466507983good',316207496),(843503429,'478439759good',492219757),(844171316,'590452867good',709805999),(844316168,'827501449good',464391670),(847599101,'978486112good',666061859),(848070095,'143145386good',23157974),(850828175,'662439888good',527390220),(853183967,'319887374good',594604339),(853363001,'169277631good',75155121),(855350539,'923596560good',879743472),(859550196,'499702282good',452004947),(862261780,'343398711good',154757597),(864778411,'6358867good',158600140),(868222221,'644723768good',21959377),(871263774,'106813562good',251706265),(874322405,'83810022good',208793195),(877845696,'245870845good',842130163),(889814581,'318925425good',445851352),(892686159,'864380232good',193336452),(894513270,'335554640good',213540760),(896909512,'713146832good',633042329),(897742577,'583413844good',410428792),(898123852,'781992799good',646976072),(901517488,'341788854good',362929827),(902035353,'196385177good',23499868),(903245787,'541457766good',219413951),(904454342,'678473680good',747828625),(908623970,'471070758good',724213657),(910014539,'853585074good',301173430),(912908682,'184370872good',718194258),(913556758,'299392195good',11969953),(916272634,'94811023good',242067680),(916571909,'192961949good',920900964),(920290613,'954232669good',132248720),(923630535,'752872459good',216200262),(923895249,'181730892good',371749557),(928928074,'603527822good',134893254),(930024870,'6492668good',429922890),(931233279,'847042497good',929750804),(934529705,'730037397good',320695282),(935827332,'520578310good',738287710),(936199628,'270777885good',327669986),(936664025,'203491894good',543656053),(940446246,'285554422good',353619990),(943140972,'347776087good',309143509),(944077680,'206166971good',309655179),(948056059,'526474862good',239965836),(949020443,'77143005good',736188158),(949831181,'944467836good',807617250),(950462023,'984734526good',676808075),(950891038,'38291367good',193233717),(951275297,'828416069good',248913373),(952869556,'363760972good',748085168),(953820404,'678127995good',461241409),(953970200,'930684767good',374829521),(954982255,'732485976good',260730730),(956481792,'312197833good',17694163),(957135622,'891025520good',879150522),(957575350,'116897937good',506540385),(958326216,'286286340good',736808876),(961791265,'228667708good',497783928),(961963007,'141184329good',137081086),(964908601,'40373443good',791822164),(967697777,'648624754good',318783035),(971240475,'96381055good',806447841),(974940856,'703684305good',955095161),(975899596,'201661531good',102809290),(976317152,'362698795good',872614103),(977254334,'986340412good',785819460),(977637919,'99123993good',981650014),(977686951,'474216181good',213574721),(981079416,'717509227good',230354992),(981162205,'708480481good',575904378),(981277047,'267975471good',949963024),(988627636,'69550193good',542241159),(989765866,'68195552good',815384996),(991050845,'339744115good',728077582),(996600716,'262812038good',387101274),(997224129,'973392334good',616254963),(998549306,'315398578good',936991102);
/*!40000 ALTER TABLE `good_num` ENABLE KEYS */;
UNLOCK TABLES;

--
-- Table structure for table `seven_brand`
--

DROP TABLE IF EXISTS `seven_brand`;
/*!40101 SET @saved_cs_client     = @@character_set_client */;
/*!50503 SET character_set_client = utf8mb4 */;
CREATE TABLE `seven_brand` (
  `id` bigint unsigned NOT NULL COMMENT '主键ID',
  `name` varchar(45) NOT NULL COMMENT '品牌名称',
  `brand_code` bigint NOT NULL COMMENT '品牌编码',
  `description` varchar(45) NOT NULL COMMENT '品牌描述',
  `sort` int NOT NULL COMMENT '排序',
  `is_deleted` int NOT NULL COMMENT '1表示删除，0表示未删除',
  `gmt_create` datetime NOT NULL COMMENT '创建时间',
  `gmt_modified` datetime NOT NULL COMMENT '修改时间',
  PRIMARY KEY (`id`)
) ENGINE=InnoDB DEFAULT CHARSET=utf8mb4 COLLATE=utf8mb4_0900_ai_ci;
/*!40101 SET character_set_client = @saved_cs_client */;

--
-- Dumping data for table `seven_brand`
--

LOCK TABLES `seven_brand` WRITE;
/*!40000 ALTER TABLE `seven_brand` DISABLE KEYS */;
INSERT INTO `seven_brand` VALUES (742711259220148224,'电子工业出版社',742711259232731136,'博文视点IT旗舰品牌',0,0,'2022-07-08 01:10:29','2022-07-08 01:10:29');
/*!40000 ALTER TABLE `seven_brand` ENABLE KEYS */;
UNLOCK TABLES;

--
-- Table structure for table `seven_category`
--

DROP TABLE IF EXISTS `seven_category`;
/*!40101 SET @saved_cs_client     = @@character_set_client */;
/*!50503 SET character_set_client = utf8mb4 */;
CREATE TABLE `seven_category` (
  `id` bigint NOT NULL,
  `name` varchar(45) NOT NULL COMMENT '类目名称',
  `pid` bigint NOT NULL COMMENT '父类目ID',
  `category_code` bigint NOT NULL COMMENT '类目ID',
  `level` int NOT NULL COMMENT '类目等级',
  `sort` int NOT NULL COMMENT '类目排序',
  `is_deleted` int NOT NULL COMMENT '逻辑删除',
  `gmt_create` datetime NOT NULL COMMENT '创建时间',
  `gmt_modified` datetime NOT NULL COMMENT '修改时间',
  PRIMARY KEY (`id`)
) ENGINE=InnoDB DEFAULT CHARSET=utf8mb4 COLLATE=utf8mb4_0900_ai_ci;
/*!40101 SET character_set_client = @saved_cs_client */;

--
-- Dumping data for table `seven_category`
--

LOCK TABLES `seven_category` WRITE;
/*!40000 ALTER TABLE `seven_category` DISABLE KEYS */;
INSERT INTO `seven_category` VALUES (742710448448602112,'图书',0,742710448465379328,0,0,0,'2022-07-08 01:07:15','2022-07-08 01:07:15'),(742710451988594688,'计算机和互联网',742710448465379328,742710452009566208,1,0,0,'2022-07-08 01:07:16','2022-07-08 01:07:16'),(742710452093452288,'程序语言设计',742710452009566208,742710452110229504,2,0,0,'2022-07-08 01:07:16','2022-07-08 01:07:16');
/*!40000 ALTER TABLE `seven_category` ENABLE KEYS */;
UNLOCK TABLES;

--
-- Table structure for table `seven_good_lock_storage`
--

DROP TABLE IF EXISTS `seven_good_lock_storage`;
/*!40101 SET @saved_cs_client     = @@character_set_client */;
/*!50503 SET character_set_client = utf8mb4 */;
CREATE TABLE `seven_good_lock_storage` (
  `id` bigint unsigned NOT NULL COMMENT '主键ID',
  `user_id` bigint NOT NULL COMMENT '用户ID',
  `sku_id` varchar(100) NOT NULL COMMENT '商品的物料ID',
  `good_id` bigint NOT NULL COMMENT '商品ID',
  `lock_num` int NOT NULL COMMENT '锁库存',
  `lock_price` varchar(45) NOT NULL COMMENT '锁库存时的商品价格',
  `status` int unsigned DEFAULT '0' COMMENT '锁库存状态。0为未锁定，1为锁定成功',
  `is_deleted` int NOT NULL COMMENT '逻辑删除',
  `gmt_create` datetime NOT NULL COMMENT '创建时间',
  `gmt_modified` datetime NOT NULL COMMENT '修改时间',
  PRIMARY KEY (`id`)
) ENGINE=InnoDB DEFAULT CHARSET=utf8mb4 COLLATE=utf8mb4_0900_ai_ci;
/*!40101 SET character_set_client = @saved_cs_client */;

--
-- Dumping data for table `seven_good_lock_storage`
--

LOCK TABLES `seven_good_lock_storage` WRITE;
/*!40000 ALTER TABLE `seven_good_lock_storage` DISABLE KEYS */;
INSERT INTO `seven_good_lock_storage` VALUES (1548030925458128897,123456,'',744924278494855168,1,'800',1,0,'2022-07-15 19:45:08','2022-07-15 19:45:08'),(1548030980852301825,123456,'',744924278494855168,1,'800',1,0,'2022-07-15 19:45:21','2022-07-15 19:45:21'),(1548030980869079041,123456,'',744924278494855168,1,'800',1,0,'2022-07-15 19:45:21','2022-07-15 19:45:21'),(1548032023396892674,123456,'',744924278494855168,1,'800',1,0,'2022-07-15 19:49:30','2022-07-15 19:49:30'),(1548049421726498818,123456,'',744924278494855168,1,'800',1,0,'2022-07-15 20:58:37','2022-07-15 20:58:37'),(1548049818167918594,123456,'',744924278494855168,1,'800',1,0,'2022-07-15 21:00:13','2022-07-15 21:00:13'),(1548058333147652098,123456,'',744924278494855168,1,'800',1,0,'2022-07-15 21:34:02','2022-07-15 21:34:02');
/*!40000 ALTER TABLE `seven_good_lock_storage` ENABLE KEYS */;
UNLOCK TABLES;

--
-- Table structure for table `seven_goods`
--

DROP TABLE IF EXISTS `seven_goods`;
/*!40101 SET @saved_cs_client     = @@character_set_client */;
/*!50503 SET character_set_client = utf8mb4 */;
CREATE TABLE `seven_goods` (
  `id` bigint NOT NULL COMMENT '主键ID',
  `goods_name` varchar(45) NOT NULL COMMENT '商品名称',
  `goods_id` bigint NOT NULL COMMENT '商品ID',
  `brand_id` bigint NOT NULL COMMENT '品牌名称',
  `supplier_id` bigint NOT NULL COMMENT '供应商ID',
  `cate_id` bigint NOT NULL COMMENT '类目ID',
  `num` int NOT NULL COMMENT '库存',
  `num_warn_threshold` int NOT NULL COMMENT '针对商品的库存预警',
  `has_sku` int NOT NULL COMMENT '是否有商品规格 1有0无',
  `shop_price` bigint NOT NULL COMMENT '市场商品价格',
  `cost_price` bigint NOT NULL COMMENT '成本商品价格',
  `min_sales_price` bigint NOT NULL COMMENT '最低价',
  `max_sales_price` bigint NOT NULL COMMENT '最高价',
  `goods_code` varchar(45) NOT NULL COMMENT '商品编码，针对单体商品，存储货号和条码',
  `tags` varchar(45) NOT NULL COMMENT '商品标签',
  `status` int NOT NULL COMMENT '商品状态 供货中 0, 已下架 1,待上架 2,已删除 3',
  `stock_status` int NOT NULL COMMENT '库存状态 库存充足0、部分售罄1、全部售罄2',
  `is_deleted` int NOT NULL COMMENT ' 1 表示删除，0 表示未删除',
  `gmt_create` datetime NOT NULL COMMENT 'TIMESTAMP 创建时间',
  `gmt_modified` datetime NOT NULL COMMENT '更新时间',
  PRIMARY KEY (`id`)
) ENGINE=InnoDB DEFAULT CHARSET=utf8mb4 COLLATE=utf8mb4_0900_ai_ci;
/*!40101 SET character_set_client = @saved_cs_client */;

--
-- Dumping data for table `seven_goods`
--

LOCK TABLES `seven_goods` WRITE;
/*!40000 ALTER TABLE `seven_goods` DISABLE KEYS */;
INSERT INTO `seven_goods` VALUES (744924278490660864,'Srping Cloud Alibaba微服务架构实战派',744924278494855168,742711259232731136,744924278574546944,742710452110229504,200,300,1,900,800,850,1000,'TX_4671269010215547006','测试',0,0,0,'2022-07-14 03:44:14','2022-07-14 03:44:14');
/*!40000 ALTER TABLE `seven_goods` ENABLE KEYS */;
UNLOCK TABLES;

--
-- Table structure for table `seven_goods_detail`
--

DROP TABLE IF EXISTS `seven_goods_detail`;
/*!40101 SET @saved_cs_client     = @@character_set_client */;
/*!50503 SET character_set_client = utf8mb4 */;
CREATE TABLE `seven_goods_detail` (
  `id` bigint NOT NULL,
  `goods_id` bigint NOT NULL COMMENT '商品ID',
  `content` varchar(45) NOT NULL COMMENT '商品内容',
  `summary` varchar(45) NOT NULL COMMENT '商品描述',
  `is_deleted` int NOT NULL COMMENT '1 表示删除，0 表示未删除 ',
  `gmt_create` datetime NOT NULL COMMENT '创建时间',
  `gmt_modified` datetime NOT NULL COMMENT '更新时间',
  PRIMARY KEY (`id`)
) ENGINE=InnoDB DEFAULT CHARSET=utf8mb4 COLLATE=utf8mb4_0900_ai_ci;
/*!40101 SET character_set_client = @saved_cs_client */;

--
-- Dumping data for table `seven_goods_detail`
--

LOCK TABLES `seven_goods_detail` WRITE;
/*!40000 ALTER TABLE `seven_goods_detail` DISABLE KEYS */;
INSERT INTO `seven_goods_detail` VALUES (744924284501098496,744924278494855168,'测试','测试',0,'2022-07-14 03:44:15','2022-07-14 03:44:15');
/*!40000 ALTER TABLE `seven_goods_detail` ENABLE KEYS */;
UNLOCK TABLES;

--
-- Table structure for table `seven_goods_image`
--

DROP TABLE IF EXISTS `seven_goods_image`;
/*!40101 SET @saved_cs_client     = @@character_set_client */;
/*!50503 SET character_set_client = utf8mb4 */;
CREATE TABLE `seven_goods_image` (
  `id` bigint NOT NULL COMMENT '主键ID',
  `goods_id` bigint NOT NULL COMMENT '商品ID',
  `sku_id` bigint NOT NULL COMMENT 'sku编号',
  `goods_property_id` bigint NOT NULL COMMENT '商品属性ID',
  `url` varchar(45) NOT NULL COMMENT '商品资源链接',
  `name` varchar(45) NOT NULL COMMENT '名称',
  `sort` int NOT NULL COMMENT '排序',
  `position` int NOT NULL COMMENT '图片位置',
  `is_master` int NOT NULL COMMENT '是否是主图',
  `mime_type` int NOT NULL COMMENT '是否是图片',
  `height` decimal(6,0) NOT NULL COMMENT '高度',
  `width` decimal(6,0) NOT NULL COMMENT '宽度',
  `duration` int NOT NULL COMMENT '视频长度',
  `is_deleted` int NOT NULL COMMENT '逻辑删除',
  `gmt_create` datetime NOT NULL COMMENT '创建时间',
  `gmt_modified` datetime NOT NULL COMMENT '修改时间',
  PRIMARY KEY (`id`)
) ENGINE=InnoDB DEFAULT CHARSET=utf8mb4 COLLATE=utf8mb4_0900_ai_ci;
/*!40101 SET character_set_client = @saved_cs_client */;

--
-- Dumping data for table `seven_goods_image`
--

LOCK TABLES `seven_goods_image` WRITE;
/*!40000 ALTER TABLE `seven_goods_image` DISABLE KEYS */;
INSERT INTO `seven_goods_image` VALUES (744924283725152256,744924278494855168,1547426721605677057,744924282580107264,'测试','测试6850890186255038157',0,0,0,0,90,200,0,0,'2022-07-14 03:44:15','2022-07-14 03:44:15'),(744924283771289600,744924278494855168,1547426721492430850,744924282676576256,'测试','测试8857434821436554069',0,0,0,0,90,200,0,0,'2022-07-14 03:44:15','2022-07-14 03:44:15'),(744924283788066816,744924278494855168,1547426721546956802,744924282722713600,'测试','测试325406911815298417',0,0,0,0,90,200,0,0,'2022-07-14 03:44:15','2022-07-14 03:44:15'),(744924283796455424,744924278494855168,1547426721492430850,744924282756268032,'测试','测试1033009615949709247',0,0,0,0,90,200,0,0,'2022-07-14 03:44:15','2022-07-14 03:44:15'),(744924283809038336,744924278494855168,1547426721404350466,744924282827571200,'测试','测试1204861377131152794',0,0,0,0,90,200,0,0,'2022-07-14 03:44:15','2022-07-14 03:44:15'),(744924283817426944,744924278494855168,1547426721630842882,744924282865319936,'测试','测试1524805485217319552',0,0,0,0,90,200,0,0,'2022-07-14 03:44:15','2022-07-14 03:44:15'),(744924283876147200,744924278494855168,1547426721630842882,744924282894680064,'测试','测试1306706765959548256',0,0,0,0,90,200,0,0,'2022-07-14 03:44:15','2022-07-14 03:44:15'),(744924283922284544,744924278494855168,1547426721605677057,744924282978566144,'测试','测试771465571935457560',0,0,0,0,90,200,0,0,'2022-07-14 03:44:15','2022-07-14 03:44:15'),(744924283993587712,744924278494855168,1547426721492430850,744924283020509184,'测试','测试1803246312073335852',0,0,0,0,90,200,0,0,'2022-07-14 03:44:15','2022-07-14 03:44:15'),(744924284027142144,744924278494855168,1547426721605677057,744924283049869312,'测试','测试1399387502027190131',0,0,0,0,90,200,0,0,'2022-07-14 03:44:15','2022-07-14 03:44:15'),(744924284048113664,744924278494855168,1547426721404350466,744924283070840832,'测试','测试595076653168586683',0,0,0,0,90,200,0,0,'2022-07-14 03:44:15','2022-07-14 03:44:15'),(744924284081668096,744924278494855168,1547426721546956802,744924283100200960,'测试','测试6301158204466053316',0,0,0,0,90,200,0,0,'2022-07-14 03:44:15','2022-07-14 03:44:15'),(744924284161359872,744924278494855168,1547426721492430850,744924283125366784,'测试','测试5239928119231126588',0,0,0,0,90,200,0,0,'2022-07-14 03:44:15','2022-07-14 03:44:15'),(744924284224274432,744924278494855168,1547426721404350466,744924283167309824,'测试','测试5309144763621675107',0,0,0,0,90,200,0,0,'2022-07-14 03:44:15','2022-07-14 03:44:15'),(744924284236857344,744924278494855168,1547426721492430850,744924283196669952,'测试','测试3273363287645357651',0,0,0,0,90,200,0,0,'2022-07-14 03:44:15','2022-07-14 03:44:15'),(744924284257828864,744924278494855168,1547426721546956802,744924283221835776,'测试','测试7311310673656048320',0,0,0,0,90,200,0,0,'2022-07-14 03:44:15','2022-07-14 03:44:15'),(744924284287188992,744924278494855168,1547426721605677057,744924283247001600,'测试','测试4412549098686060544',0,0,0,0,90,200,0,0,'2022-07-14 03:44:15','2022-07-14 03:44:15'),(744924284320743424,744924278494855168,1547426721492430850,744924283267973120,'测试','测试4390373357591664068',0,0,0,0,90,200,0,0,'2022-07-14 03:44:15','2022-07-14 03:44:15'),(744924284337520640,744924278494855168,1547426721404350466,744924283284750336,'测试','测试267644905319930243',0,0,0,0,90,200,0,0,'2022-07-14 03:44:15','2022-07-14 03:44:15'),(744924284350103552,744924278494855168,1547426721630842882,744924283318304768,'测试','测试7597469123225419058',0,0,0,0,90,200,0,0,'2022-07-14 03:44:15','2022-07-14 03:44:15'),(744924284371075072,744924278494855168,1547426721492430850,744924283335081984,'测试','测试4130156201722064347',0,0,0,0,90,200,0,0,'2022-07-14 03:44:15','2022-07-14 03:44:15'),(744924284408823808,744924278494855168,1547426721630842882,744924283360247808,'测试','测试3272791391943932652',0,0,0,0,90,200,0,0,'2022-07-14 03:44:15','2022-07-14 03:44:15'),(744924284425601024,744924278494855168,1547426721492430850,744924283389607936,'测试','测试613807359908443773',0,0,0,0,90,200,0,0,'2022-07-14 03:44:15','2022-07-14 03:44:15'),(744924284442378240,744924278494855168,1547426721492430850,744924283406385152,'测试','测试2810893888099460134',0,0,0,0,90,200,0,0,'2022-07-14 03:44:15','2022-07-14 03:44:15');
/*!40000 ALTER TABLE `seven_goods_image` ENABLE KEYS */;
UNLOCK TABLES;

--
-- Table structure for table `seven_goods_property`
--

DROP TABLE IF EXISTS `seven_goods_property`;
/*!40101 SET @saved_cs_client     = @@character_set_client */;
/*!50503 SET character_set_client = utf8mb4 */;
CREATE TABLE `seven_goods_property` (
  `id` bigint NOT NULL COMMENT '主键ID',
  `goods_id` bigint NOT NULL DEFAULT '0' COMMENT '商品ID',
  `prop_name_id` bigint NOT NULL COMMENT '属性名ID',
  `prop_value_id` bigint NOT NULL COMMENT '属性值ID ',
  `sort` int NOT NULL COMMENT '排序',
  `is_deleted` int NOT NULL COMMENT '1 表示删除，0 表示未删除 ',
  `gmt_create` datetime NOT NULL COMMENT '创建时间',
  `gmt_modified` datetime NOT NULL COMMENT '更新时间',
  PRIMARY KEY (`id`)
) ENGINE=InnoDB DEFAULT CHARSET=utf8mb4 COLLATE=utf8mb4_0900_ai_ci;
/*!40101 SET character_set_client = @saved_cs_client */;

--
-- Dumping data for table `seven_goods_property`
--

LOCK TABLES `seven_goods_property` WRITE;
/*!40000 ALTER TABLE `seven_goods_property` DISABLE KEYS */;
INSERT INTO `seven_goods_property` VALUES (744924282580107264,744924278494855168,744924278922674176,744924279191109632,0,0,'2022-07-14 03:44:15','2022-07-14 03:44:15'),(744924282676576256,744924278494855168,744924278922674176,744924280227102720,0,0,'2022-07-14 03:44:15','2022-07-14 03:44:15'),(744924282722713600,744924278494855168,744924278922674176,744924280436817920,0,0,'2022-07-14 03:44:15','2022-07-14 03:44:15'),(744924282756268032,744924278494855168,744924278922674176,744924280722030592,0,0,'2022-07-14 03:44:15','2022-07-14 03:44:15'),(744924282827571200,744924278494855168,744924280675893248,744924279191109632,0,0,'2022-07-14 03:44:15','2022-07-14 03:44:15'),(744924282865319936,744924278494855168,744924280675893248,744924280227102720,0,0,'2022-07-14 03:44:15','2022-07-14 03:44:15'),(744924282894680064,744924278494855168,744924280675893248,744924280436817920,0,0,'2022-07-14 03:44:15','2022-07-14 03:44:15'),(744924282978566144,744924278494855168,744924280675893248,744924280722030592,0,0,'2022-07-14 03:44:15','2022-07-14 03:44:15'),(744924283020509184,744924278494855168,744924279887364096,744924279191109632,0,0,'2022-07-14 03:44:15','2022-07-14 03:44:15'),(744924283049869312,744924278494855168,744924279887364096,744924280227102720,0,0,'2022-07-14 03:44:15','2022-07-14 03:44:15'),(744924283070840832,744924278494855168,744924279887364096,744924280436817920,0,0,'2022-07-14 03:44:15','2022-07-14 03:44:15'),(744924283100200960,744924278494855168,744924279887364096,744924280722030592,0,0,'2022-07-14 03:44:15','2022-07-14 03:44:15'),(744924283125366784,744924278494855168,744924280495538176,744924279191109632,0,0,'2022-07-14 03:44:15','2022-07-14 03:44:15'),(744924283167309824,744924278494855168,744924280495538176,744924280227102720,0,0,'2022-07-14 03:44:15','2022-07-14 03:44:15'),(744924283196669952,744924278494855168,744924280495538176,744924280436817920,0,0,'2022-07-14 03:44:15','2022-07-14 03:44:15'),(744924283221835776,744924278494855168,744924280495538176,744924280722030592,0,0,'2022-07-14 03:44:15','2022-07-14 03:44:15'),(744924283247001600,744924278494855168,744924279358881792,744924279191109632,0,0,'2022-07-14 03:44:15','2022-07-14 03:44:15'),(744924283267973120,744924278494855168,744924279358881792,744924280227102720,0,0,'2022-07-14 03:44:15','2022-07-14 03:44:15'),(744924283284750336,744924278494855168,744924279358881792,744924280436817920,0,0,'2022-07-14 03:44:15','2022-07-14 03:44:15'),(744924283318304768,744924278494855168,744924279358881792,744924280722030592,0,0,'2022-07-14 03:44:15','2022-07-14 03:44:15'),(744924283335081984,744924278494855168,744924280373903360,744924279191109632,0,0,'2022-07-14 03:44:15','2022-07-14 03:44:15'),(744924283360247808,744924278494855168,744924280373903360,744924280227102720,0,0,'2022-07-14 03:44:15','2022-07-14 03:44:15'),(744924283389607936,744924278494855168,744924280373903360,744924280436817920,0,0,'2022-07-14 03:44:15','2022-07-14 03:44:15'),(744924283406385152,744924278494855168,744924280373903360,744924280722030592,0,0,'2022-07-14 03:44:15','2022-07-14 03:44:15');
/*!40000 ALTER TABLE `seven_goods_property` ENABLE KEYS */;
UNLOCK TABLES;

--
-- Table structure for table `seven_goods_sku`
--

DROP TABLE IF EXISTS `seven_goods_sku`;
/*!40101 SET @saved_cs_client     = @@character_set_client */;
/*!50503 SET character_set_client = utf8mb4 */;
CREATE TABLE `seven_goods_sku` (
  `id` bigint NOT NULL COMMENT '主键ID',
  `sku_id` varchar(200) NOT NULL COMMENT '商品唯一的条形码',
  `goods_id` bigint NOT NULL COMMENT '商品ID',
  `title` varchar(45) NOT NULL COMMENT 'sku名称',
  `num` int NOT NULL COMMENT '库存',
  `num_warn_threshold` int NOT NULL COMMENT '针对SKU的库存预警',
  `sort` int NOT NULL COMMENT '排序',
  `shop_price` decimal(6,0) NOT NULL COMMENT '市场商品价格',
  `cost_price` decimal(6,0) NOT NULL COMMENT '成本商品价格',
  `min_sales_price` decimal(6,0) NOT NULL COMMENT '最低价',
  `max_sales_price` decimal(6,0) NOT NULL COMMENT '最高价',
  `properties` varchar(500) NOT NULL COMMENT '商品属性表ID，以逗号分隔',
  `goods_code` bigint NOT NULL COMMENT '商品编码，存储货号和条码',
  `status` int NOT NULL COMMENT 'sku状态',
  `is_deleted` int NOT NULL COMMENT '1 表示删除，0 表示未删除',
  `gmt_create` datetime NOT NULL COMMENT '创建时间',
  `gmt_modified` datetime NOT NULL COMMENT '更新时间',
  PRIMARY KEY (`id`)
) ENGINE=InnoDB DEFAULT CHARSET=utf8mb4 COLLATE=utf8mb4_0900_ai_ci;
/*!40101 SET character_set_client = @saved_cs_client */;

--
-- Dumping data for table `seven_goods_sku`
--

LOCK TABLES `seven_goods_sku` WRITE;
/*!40000 ALTER TABLE `seven_goods_sku` DISABLE KEYS */;
INSERT INTO `seven_goods_sku` VALUES (1547426721404350466,'',744924278494855168,'优惠套装1',1000,1000,0,800,700,750,1000,'744924282580107264,744924282676576256,744924282722713600,744924282756268032,744924282827571200,744924282865319936,744924282894680064,744924282978566144,744924283020509184,744924283049869312,744924283070840832,744924283100200960,744924283125366784,744924283167309824,744924283196669952,744924283221835776,744924283247001600,744924283267973120,744924283284750336,744924283318304768,744924283335081984,744924283360247808,744924283389607936,744924283406385152',744924283427356672,0,0,'2022-07-14 03:44:15','2022-07-14 03:44:15'),(1547426721492430850,'',744924278494855168,'Spring Cloud Alibaba(两册)',1000,1000,0,800,700,750,1000,'744924282580107264,744924282676576256,744924282722713600,744924282756268032,744924282827571200,744924282865319936,744924282894680064,744924282978566144,744924283020509184,744924283049869312,744924283070840832,744924283100200960,744924283125366784,744924283167309824,744924283196669952,744924283221835776,744924283247001600,744924283267973120,744924283284750336,744924283318304768,744924283335081984,744924283360247808,744924283389607936,744924283406385152',744924283557380096,0,0,'2022-07-14 03:44:15','2022-07-14 03:44:15'),(1547426721546956802,'',744924278494855168,'Flink实战派',1000,1000,0,800,700,750,1000,'744924282580107264,744924282676576256,744924282722713600,744924282756268032,744924282827571200,744924282865319936,744924282894680064,744924282978566144,744924283020509184,744924283049869312,744924283070840832,744924283100200960,744924283125366784,744924283167309824,744924283196669952,744924283221835776,744924283247001600,744924283267973120,744924283284750336,744924283318304768,744924283335081984,744924283360247808,744924283389607936,744924283406385152',744924283595128832,0,0,'2022-07-14 03:44:15','2022-07-14 03:44:15'),(1547426721605677057,'',744924278494855168,'Spring Cloud实战派',1000,1000,0,800,700,750,1000,'744924282580107264,744924282676576256,744924282722713600,744924282756268032,744924282827571200,744924282865319936,744924282894680064,744924282978566144,744924283020509184,744924283049869312,744924283070840832,744924283100200960,744924283125366784,744924283167309824,744924283196669952,744924283221835776,744924283247001600,744924283267973120,744924283284750336,744924283318304768,744924283335081984,744924283360247808,744924283389607936,744924283406385152',744924283662237696,0,0,'2022-07-14 03:44:15','2022-07-14 03:44:15'),(1547426721630842882,'',744924278494855168,'分布式事务之Seata',1000,1000,0,800,700,750,1000,'744924282580107264,744924282676576256,744924282722713600,744924282756268032,744924282827571200,744924282865319936,744924282894680064,744924282978566144,744924283020509184,744924283049869312,744924283070840832,744924283100200960,744924283125366784,744924283167309824,744924283196669952,744924283221835776,744924283247001600,744924283267973120,744924283284750336,744924283318304768,744924283335081984,744924283360247808,744924283389607936,744924283406385152',744924283704180736,0,0,'2022-07-14 03:44:15','2022-07-14 03:44:15');
/*!40000 ALTER TABLE `seven_goods_sku` ENABLE KEYS */;
UNLOCK TABLES;

--
-- Table structure for table `seven_live_account_info`
--

DROP TABLE IF EXISTS `seven_live_account_info`;
/*!40101 SET @saved_cs_client     = @@character_set_client */;
/*!50503 SET character_set_client = utf8mb4 */;
CREATE TABLE `seven_live_account_info` (
  `id` bigint NOT NULL AUTO_INCREMENT COMMENT '主键ID',
  `account_name` varchar(45) NOT NULL COMMENT '账户名称',
  `amount` bigint NOT NULL COMMENT '账户余额',
  `is_deleted` int NOT NULL COMMENT '逻辑删除',
  `gmt_create` datetime NOT NULL COMMENT '创建时间',
  `gmt_modified` datetime NOT NULL COMMENT '修改时间',
  `version` int NOT NULL DEFAULT '0' COMMENT '版本号',
  PRIMARY KEY (`id`)
) ENGINE=InnoDB AUTO_INCREMENT=8707935490051545480 DEFAULT CHARSET=utf8mb4 COLLATE=utf8mb4_0900_ai_ci;
/*!40101 SET character_set_client = @saved_cs_client */;

--
-- Dumping data for table `seven_live_account_info`
--

LOCK TABLES `seven_live_account_info` WRITE;
/*!40000 ALTER TABLE `seven_live_account_info` DISABLE KEYS */;
INSERT INTO `seven_live_account_info` VALUES (126154,'测试账户50518607',0,0,'2022-03-21 00:00:00','2022-04-09 00:00:00',90),(154377,'测试账户97298581',0,0,'2022-03-21 00:00:00','2022-04-09 00:00:00',99),(366230,'测试账户86366343',0,0,'2022-03-21 00:00:00','2022-04-09 00:00:00',90),(440918,'测试账户14641155',0,0,'2022-03-21 00:00:00','2022-04-09 00:00:00',91),(526033,'测试账户44399641',0,0,'2022-03-21 00:00:00','2022-04-09 00:00:00',106),(550207,'测试账户23418255',0,0,'2022-03-21 00:00:00','2022-04-09 00:00:00',79),(669190,'测试账户33979418',0,0,'2022-03-21 00:00:00','2022-04-09 00:00:00',83),(756906,'测试账户31860798',0,0,'2022-03-21 00:00:00','2022-04-09 00:00:00',88),(846781,'测试账户76630303',0,0,'2022-03-21 00:00:00','2022-04-09 00:00:00',73),(938431,'测试账户98097543',0,0,'2022-03-21 00:00:00','2022-04-09 00:00:00',91);
/*!40000 ALTER TABLE `seven_live_account_info` ENABLE KEYS */;
UNLOCK TABLES;

--
-- Table structure for table `seven_live_gift`
--

DROP TABLE IF EXISTS `seven_live_gift`;
/*!40101 SET @saved_cs_client     = @@character_set_client */;
/*!50503 SET character_set_client = utf8mb4 */;
CREATE TABLE `seven_live_gift` (
  `id` bigint NOT NULL AUTO_INCREMENT COMMENT '主键ID',
  `gift_name` varchar(45) NOT NULL COMMENT '礼物名称',
  `num` int NOT NULL COMMENT '礼物数量',
  `price` bigint NOT NULL COMMENT '礼物的价格',
  `is_deleted` int NOT NULL COMMENT '逻辑删除',
  `gmt_create` datetime NOT NULL COMMENT '创建时间',
  `gmt_modified` datetime NOT NULL COMMENT '修改时间',
  `version` int NOT NULL DEFAULT '0' COMMENT '版本号',
  `account_id` bigint NOT NULL COMMENT '账户ID',
  PRIMARY KEY (`id`),
  UNIQUE KEY `id_UNIQUE` (`id`)
) ENGINE=InnoDB AUTO_INCREMENT=23331970 DEFAULT CHARSET=utf8mb4 COLLATE=utf8mb4_0900_ai_ci;
/*!40101 SET character_set_client = @saved_cs_client */;

--
-- Dumping data for table `seven_live_gift`
--

LOCK TABLES `seven_live_gift` WRITE;
/*!40000 ALTER TABLE `seven_live_gift` DISABLE KEYS */;
INSERT INTO `seven_live_gift` VALUES (204,'测试礼物1069709142',1572,1,0,'2022-03-21 00:00:00','2022-04-09 00:00:00',0,756906),(39668,'测试礼物1415030219',17,8,0,'2022-03-21 00:00:00','2022-03-24 00:00:00',0,154377),(76616,'测试礼物1028064218',2152,8,0,'2022-03-21 00:00:00','2022-03-24 00:00:00',0,154377),(79124,'测试礼物670628770',1534,0,0,'2022-03-21 00:00:00','2022-03-21 00:00:00',0,154377),(83322,'测试礼物30966613',1085,6,0,'2022-03-21 00:00:00','2022-03-21 00:00:00',0,154377),(102714,'测试礼物484970201',1840,8,0,'2022-03-21 00:00:00','2022-04-09 00:00:00',0,756906),(104280,'测试礼物562091483',1363,4,0,'2022-03-21 00:00:00','2022-03-21 00:00:00',0,669190),(125385,'测试礼物118107987',161,1,0,'2022-03-21 00:00:00','2022-04-09 00:00:00',0,938431),(138684,'测试礼物804256568',2285,6,0,'2022-03-21 00:00:00','2022-03-24 00:00:00',0,938431),(148823,'测试礼物333945074',1643,0,0,'2022-03-21 00:00:00','2022-03-24 00:00:00',0,154377),(149086,'测试礼物1395886780',2183,5,0,'2022-03-21 00:00:00','2022-04-09 00:00:00',0,366230),(179351,'测试礼物1050533884',74,2,0,'2022-03-21 00:00:00','2022-03-21 00:00:00',0,938431),(233975,'测试礼物659660254',2125,5,0,'2022-03-21 00:00:00','2022-04-09 00:00:00',0,669190),(248693,'测试礼物810501159',506,8,0,'2022-03-21 00:00:00','2022-04-09 00:00:00',0,550207),(261341,'测试礼物640499472',1064,7,0,'2022-03-21 00:00:00','2022-03-24 00:00:00',0,154377),(314803,'测试礼物399078781',860,2,0,'2022-03-21 00:00:00','2022-03-21 00:00:00',0,440918),(322149,'测试礼物809508377',1603,4,0,'2022-03-21 00:00:00','2022-03-21 00:00:00',0,669190),(383812,'测试礼物1112492159',1457,3,0,'2022-03-21 00:00:00','2022-04-09 00:00:00',0,154377),(406360,'测试礼物345091671',498,1,0,'2022-03-21 00:00:00','2022-03-21 00:00:00',0,154377),(412757,'测试礼物346009158',1920,7,0,'2022-03-21 00:00:00','2022-03-21 00:00:00',0,846781),(436734,'测试礼物157446681',1544,3,0,'2022-03-21 00:00:00','2022-03-21 00:00:00',0,669190),(490640,'测试礼物242232708',44,8,0,'2022-03-21 00:00:00','2022-03-24 00:00:00',0,669190),(499960,'测试礼物644126036',1537,5,0,'2022-03-21 00:00:00','2022-03-21 00:00:00',0,756906),(501511,'测试礼物391431262',1843,7,0,'2022-03-21 00:00:00','2022-04-09 00:00:00',0,550207),(555395,'测试礼物844305679',1910,4,0,'2022-03-21 00:00:00','2022-03-21 00:00:00',0,526033),(585726,'测试礼物617940229',1221,6,0,'2022-03-21 00:00:00','2022-03-21 00:00:00',0,669190),(644611,'测试礼物309141978',2103,3,0,'2022-03-21 00:00:00','2022-04-09 00:00:00',0,154377),(665841,'测试礼物550091895',1714,6,0,'2022-03-21 00:00:00','2022-03-21 00:00:00',0,756906),(668654,'测试礼物1092379959',1040,8,0,'2022-03-21 00:00:00','2022-03-21 00:00:00',0,669190),(694620,'测试礼物214638308',1709,2,0,'2022-03-21 00:00:00','2022-03-21 00:00:00',0,846781),(709026,'测试礼物417119153',2063,4,0,'2022-03-21 00:00:00','2022-03-24 00:00:00',0,440918),(712387,'测试礼物178751768',1946,7,0,'2022-03-21 00:00:00','2022-03-21 00:00:00',0,126154),(724905,'测试礼物1037910442',962,2,0,'2022-03-21 00:00:00','2022-03-24 00:00:00',0,126154),(731262,'测试礼物978280685',1688,0,0,'2022-03-21 00:00:00','2022-03-21 00:00:00',0,550207),(741247,'测试礼物1261689742',1632,1,0,'2022-03-21 00:00:00','2022-04-09 00:00:00',0,526033),(761761,'测试礼物895823461',2047,8,0,'2022-03-21 00:00:00','2022-03-21 00:00:00',0,366230),(764601,'测试礼物349365721',2142,9,0,'2022-03-21 00:00:00','2022-03-21 00:00:00',0,669190),(769391,'测试礼物722699389',180,9,0,'2022-03-21 00:00:00','2022-03-24 00:00:00',0,846781),(848626,'测试礼物517082059',1787,3,0,'2022-03-21 00:00:00','2022-03-24 00:00:00',0,938431),(848834,'测试礼物1341092008',974,5,0,'2022-03-21 00:00:00','2022-03-21 00:00:00',0,440918),(975792,'测试礼物335742945',585,8,0,'2022-03-21 00:00:00','2022-04-09 00:00:00',0,550207),(978560,'测试礼物62653969',2255,1,0,'2022-03-21 00:00:00','2022-04-09 00:00:00',0,756906),(987075,'测试礼物412909716',1843,5,0,'2022-03-21 00:00:00','2022-03-21 00:00:00',0,440918),(997108,'测试礼物1290405689',115,8,0,'2022-03-21 00:00:00','2022-03-24 00:00:00',0,756906),(1033554,'测试礼物164501177',465,1,0,'2022-03-21 00:00:00','2022-03-21 00:00:00',0,440918),(1093132,'测试礼物482343761',696,7,0,'2022-03-21 00:00:00','2022-03-21 00:00:00',0,366230),(1183175,'测试礼物982594555',2228,2,0,'2022-03-21 00:00:00','2022-03-21 00:00:00',0,756906),(1214668,'测试礼物599754036',914,2,0,'2022-03-21 00:00:00','2022-03-21 00:00:00',0,846781),(1221554,'测试礼物374754959',1929,5,0,'2022-03-21 00:00:00','2022-03-21 00:00:00',0,154377),(1244965,'测试礼物566807406',1623,1,0,'2022-03-21 00:00:00','2022-04-09 00:00:00',0,669190),(1271249,'测试礼物1253270565',131,6,0,'2022-03-21 00:00:00','2022-03-21 00:00:00',0,440918),(1307456,'测试礼物340828534',1052,3,0,'2022-03-21 00:00:00','2022-03-24 00:00:00',0,526033),(1322968,'测试礼物473811319',2281,4,0,'2022-03-21 00:00:00','2022-03-21 00:00:00',0,440918),(1337865,'测试礼物71431142',2212,3,0,'2022-03-21 00:00:00','2022-03-21 00:00:00',0,550207),(1349994,'测试礼物204247433',1554,7,0,'2022-03-21 00:00:00','2022-04-09 00:00:00',0,526033),(1366402,'测试礼物1016779451',2295,8,0,'2022-03-21 00:00:00','2022-03-21 00:00:00',0,669190),(1368346,'测试礼物235436991',242,8,0,'2022-03-21 00:00:00','2022-03-21 00:00:00',0,669190),(1372005,'测试礼物659805873',566,5,0,'2022-03-21 00:00:00','2022-03-24 00:00:00',0,669190),(1416047,'测试礼物769888033',2298,8,0,'2022-03-21 00:00:00','2022-04-09 00:00:00',0,440918),(1421376,'测试礼物1029035992',848,4,0,'2022-03-21 00:00:00','2022-04-09 00:00:00',0,938431),(1496442,'测试礼物999373626',2053,1,0,'2022-03-21 00:00:00','2022-03-21 00:00:00',0,126154),(1498782,'测试礼物960749690',986,5,0,'2022-03-21 00:00:00','2022-03-21 00:00:00',0,938431),(1502167,'测试礼物351683360',1494,5,0,'2022-03-21 00:00:00','2022-04-09 00:00:00',0,440918),(1513420,'测试礼物1350500768',988,3,0,'2022-03-21 00:00:00','2022-03-21 00:00:00',0,126154),(1602454,'测试礼物1380350420',1062,0,0,'2022-03-21 00:00:00','2022-03-21 00:00:00',0,440918),(1617217,'测试礼物561266518',1409,0,0,'2022-03-21 00:00:00','2022-03-21 00:00:00',0,669190),(1663998,'测试礼物879480549',2284,3,0,'2022-03-21 00:00:00','2022-03-21 00:00:00',0,440918),(1673030,'测试礼物1300493479',2320,4,0,'2022-03-21 00:00:00','2022-03-21 00:00:00',0,126154),(1687046,'测试礼物207034934',550,3,0,'2022-03-21 00:00:00','2022-03-21 00:00:00',0,846781),(1707527,'测试礼物380997493',2138,6,0,'2022-03-21 00:00:00','2022-03-21 00:00:00',0,366230),(1729764,'测试礼物743569651',363,5,0,'2022-03-21 00:00:00','2022-03-21 00:00:00',0,550207),(1738534,'测试礼物1303982729',1243,3,0,'2022-03-21 00:00:00','2022-03-24 00:00:00',0,440918),(1743688,'测试礼物63436544',1351,6,0,'2022-03-21 00:00:00','2022-03-24 00:00:00',0,756906),(1744884,'测试礼物89445235',769,3,0,'2022-03-21 00:00:00','2022-03-21 00:00:00',0,756906),(1746167,'测试礼物930903601',1957,5,0,'2022-03-21 00:00:00','2022-03-24 00:00:00',0,938431),(1799338,'测试礼物1192136931',1491,9,0,'2022-03-21 00:00:00','2022-04-09 00:00:00',0,366230),(1806453,'测试礼物353287529',1009,5,0,'2022-03-21 00:00:00','2022-03-21 00:00:00',0,756906),(1811147,'测试礼物49225623',1971,9,0,'2022-03-21 00:00:00','2022-03-21 00:00:00',0,846781),(1895144,'测试礼物904247143',835,9,0,'2022-03-21 00:00:00','2022-03-21 00:00:00',0,669190),(1908948,'测试礼物512368197',1783,1,0,'2022-03-21 00:00:00','2022-03-21 00:00:00',0,154377),(1909907,'测试礼物193837548',634,9,0,'2022-03-21 00:00:00','2022-04-09 00:00:00',0,440918),(1926785,'测试礼物899144081',1054,4,0,'2022-03-21 00:00:00','2022-04-09 00:00:00',0,550207),(1934506,'测试礼物1287661682',945,3,0,'2022-03-21 00:00:00','2022-03-21 00:00:00',0,366230),(1944102,'测试礼物817918232',1797,3,0,'2022-03-21 00:00:00','2022-03-21 00:00:00',0,846781),(1960222,'测试礼物955402945',1243,1,0,'2022-03-21 00:00:00','2022-03-21 00:00:00',0,669190),(1960227,'测试礼物379607340',2225,7,0,'2022-03-21 00:00:00','2022-03-21 00:00:00',0,154377),(1960384,'测试礼物763788386',1956,3,0,'2022-03-21 00:00:00','2022-03-21 00:00:00',0,550207),(1965970,'测试礼物1164129341',1409,0,0,'2022-03-21 00:00:00','2022-03-21 00:00:00',0,526033),(1980698,'测试礼物1068623329',1271,8,0,'2022-03-21 00:00:00','2022-03-21 00:00:00',0,154377),(2002674,'测试礼物240113825',1548,8,0,'2022-03-21 00:00:00','2022-04-09 00:00:00',0,154377),(2026167,'测试礼物437967840',2158,8,0,'2022-03-21 00:00:00','2022-03-21 00:00:00',0,366230),(2075516,'测试礼物768323108',1997,0,0,'2022-03-21 00:00:00','2022-03-21 00:00:00',0,550207),(2082173,'测试礼物258840239',395,4,0,'2022-03-21 00:00:00','2022-03-21 00:00:00',0,526033),(2083086,'测试礼物639572889',834,7,0,'2022-03-21 00:00:00','2022-03-24 00:00:00',0,154377),(2085215,'测试礼物184955196',2150,9,0,'2022-03-21 00:00:00','2022-03-21 00:00:00',0,526033),(2087056,'测试礼物1276457085',1209,5,0,'2022-03-21 00:00:00','2022-03-21 00:00:00',0,669190),(2089389,'测试礼物939015287',133,7,0,'2022-03-21 00:00:00','2022-03-21 00:00:00',0,756906),(2141559,'测试礼物863843222',777,8,0,'2022-03-21 00:00:00','2022-03-21 00:00:00',0,526033),(2157173,'测试礼物1202395729',2256,6,0,'2022-03-21 00:00:00','2022-03-21 00:00:00',0,154377),(2193723,'测试礼物89127213',1610,3,0,'2022-03-21 00:00:00','2022-04-09 00:00:00',0,366230),(2201402,'测试礼物825357747',1543,8,0,'2022-03-21 00:00:00','2022-03-24 00:00:00',0,846781),(2226708,'测试礼物1289333412',696,2,0,'2022-03-21 00:00:00','2022-04-09 00:00:00',0,938431),(2243882,'测试礼物99874546',916,4,0,'2022-03-21 00:00:00','2022-03-24 00:00:00',0,126154),(2285513,'测试礼物219014131',1317,7,0,'2022-03-21 00:00:00','2022-04-09 00:00:00',0,938431),(2312196,'测试礼物849108153',1881,8,0,'2022-03-21 00:00:00','2022-03-24 00:00:00',0,550207),(2323552,'测试礼物1046965157',1964,2,0,'2022-03-21 00:00:00','2022-03-21 00:00:00',0,550207),(2351385,'测试礼物102694080',2189,6,0,'2022-03-21 00:00:00','2022-03-24 00:00:00',0,669190),(2391111,'测试礼物1310330304',1076,1,0,'2022-03-21 00:00:00','2022-04-09 00:00:00',0,846781),(2431565,'测试礼物725372311',506,7,0,'2022-03-21 00:00:00','2022-03-21 00:00:00',0,154377),(2449463,'测试礼物616434400',323,3,0,'2022-03-21 00:00:00','2022-04-09 00:00:00',0,669190),(2453513,'测试礼物926189973',1398,8,0,'2022-03-21 00:00:00','2022-03-21 00:00:00',0,440918),(2480780,'测试礼物549065714',632,7,0,'2022-03-21 00:00:00','2022-03-21 00:00:00',0,550207),(2498456,'测试礼物897117903',53,9,0,'2022-03-21 00:00:00','2022-03-21 00:00:00',0,669190),(2553557,'测试礼物1073755047',572,1,0,'2022-03-21 00:00:00','2022-04-09 00:00:00',0,938431),(2575589,'测试礼物492513125',2074,5,0,'2022-03-21 00:00:00','2022-03-21 00:00:00',0,126154),(2598282,'测试礼物578086578',419,9,0,'2022-03-21 00:00:00','2022-03-21 00:00:00',0,366230),(2664815,'测试礼物1271689673',722,5,0,'2022-03-21 00:00:00','2022-03-21 00:00:00',0,526033),(2749744,'测试礼物747215161',1501,5,0,'2022-03-21 00:00:00','2022-03-21 00:00:00',0,526033),(2831217,'测试礼物312845006',179,5,0,'2022-03-21 00:00:00','2022-04-09 00:00:00',0,154377),(2893659,'测试礼物417477029',2307,9,0,'2022-03-21 00:00:00','2022-04-09 00:00:00',0,126154),(2921747,'测试礼物1286319596',384,0,0,'2022-03-21 00:00:00','2022-03-21 00:00:00',0,440918),(2961479,'测试礼物635039505',753,3,0,'2022-03-21 00:00:00','2022-04-09 00:00:00',0,154377),(2992917,'测试礼物1170626691',397,6,0,'2022-03-21 00:00:00','2022-04-09 00:00:00',0,756906),(3077962,'测试礼物1019573455',1718,6,0,'2022-03-21 00:00:00','2022-03-21 00:00:00',0,846781),(3108665,'测试礼物874898628',1648,6,0,'2022-03-21 00:00:00','2022-03-21 00:00:00',0,440918),(3143172,'测试礼物1011102624',1833,4,0,'2022-03-21 00:00:00','2022-03-21 00:00:00',0,550207),(3143220,'测试礼物555853113',1169,3,0,'2022-03-21 00:00:00','2022-03-21 00:00:00',0,154377),(3181934,'测试礼物417978371',380,4,0,'2022-03-21 00:00:00','2022-03-21 00:00:00',0,126154),(3207957,'测试礼物353301750',1527,4,0,'2022-03-21 00:00:00','2022-03-21 00:00:00',0,526033),(3216008,'测试礼物1178334132',53,4,0,'2022-03-21 00:00:00','2022-03-21 00:00:00',0,846781),(3222047,'测试礼物1047476963',1816,6,0,'2022-03-21 00:00:00','2022-03-21 00:00:00',0,756906),(3222810,'测试礼物846716629',1080,4,0,'2022-03-21 00:00:00','2022-03-21 00:00:00',0,550207),(3247540,'测试礼物1428238677',2067,5,0,'2022-03-21 00:00:00','2022-03-21 00:00:00',0,550207),(3251123,'测试礼物636392015',83,2,0,'2022-03-21 00:00:00','2022-03-21 00:00:00',0,938431),(3264854,'测试礼物594321612',1441,7,0,'2022-03-21 00:00:00','2022-03-21 00:00:00',0,756906),(3269943,'测试礼物17553311',1457,7,0,'2022-03-21 00:00:00','2022-04-09 00:00:00',0,366230),(3315809,'测试礼物1426531916',1941,5,0,'2022-03-21 00:00:00','2022-03-21 00:00:00',0,366230),(3354181,'测试礼物975942289',1211,7,0,'2022-03-21 00:00:00','2022-04-09 00:00:00',0,669190),(3462074,'测试礼物368549801',374,6,0,'2022-03-21 00:00:00','2022-03-24 00:00:00',0,366230),(3489466,'测试礼物132849213',491,5,0,'2022-03-21 00:00:00','2022-03-21 00:00:00',0,669190),(3580202,'测试礼物821982759',1886,6,0,'2022-03-21 00:00:00','2022-03-24 00:00:00',0,154377),(3589221,'测试礼物999660774',218,7,0,'2022-03-21 00:00:00','2022-03-21 00:00:00',0,938431),(3605084,'测试礼物79662190',1421,6,0,'2022-03-21 00:00:00','2022-03-21 00:00:00',0,154377),(3606116,'测试礼物1053748198',894,1,0,'2022-03-21 00:00:00','2022-03-21 00:00:00',0,526033),(3611964,'测试礼物799036263',535,9,0,'2022-03-21 00:00:00','2022-03-21 00:00:00',0,669190),(3619854,'测试礼物1431778090',1695,5,0,'2022-03-21 00:00:00','2022-03-21 00:00:00',0,550207),(3683232,'测试礼物576179603',393,9,0,'2022-03-21 00:00:00','2022-03-21 00:00:00',0,154377),(3696087,'测试礼物1258707430',591,4,0,'2022-03-21 00:00:00','2022-03-21 00:00:00',0,366230),(3707932,'测试礼物222040338',800,4,0,'2022-03-21 00:00:00','2022-03-21 00:00:00',0,846781),(3758114,'测试礼物1020116793',2076,3,0,'2022-03-21 00:00:00','2022-04-09 00:00:00',0,126154),(3765083,'测试礼物1292430568',2015,2,0,'2022-03-21 00:00:00','2022-03-21 00:00:00',0,756906),(3778052,'测试礼物512525857',357,0,0,'2022-03-21 00:00:00','2022-03-21 00:00:00',0,938431),(3844505,'测试礼物138141202',1559,1,0,'2022-03-21 00:00:00','2022-03-21 00:00:00',0,366230),(3867009,'测试礼物362489358',2139,3,0,'2022-03-21 00:00:00','2022-03-21 00:00:00',0,846781),(3917611,'测试礼物708251949',696,8,0,'2022-03-21 00:00:00','2022-04-09 00:00:00',0,756906),(3979499,'测试礼物312629567',146,0,0,'2022-03-21 00:00:00','2022-03-21 00:00:00',0,846781),(4059337,'测试礼物327339872',2272,7,0,'2022-03-21 00:00:00','2022-03-24 00:00:00',0,846781),(4101839,'测试礼物134599633',1588,6,0,'2022-03-21 00:00:00','2022-03-24 00:00:00',0,550207),(4251591,'测试礼物777120703',1832,5,0,'2022-03-21 00:00:00','2022-03-21 00:00:00',0,846781),(4257220,'测试礼物733588112',2072,9,0,'2022-03-21 00:00:00','2022-04-09 00:00:00',0,756906),(4286085,'测试礼物621465319',1553,8,0,'2022-03-21 00:00:00','2022-04-09 00:00:00',0,366230),(4337231,'测试礼物1367469736',2276,3,0,'2022-03-21 00:00:00','2022-03-24 00:00:00',0,526033),(4349834,'测试礼物489600473',1589,8,0,'2022-03-21 00:00:00','2022-03-21 00:00:00',0,756906),(4352222,'测试礼物1298210532',1894,7,0,'2022-03-21 00:00:00','2022-03-21 00:00:00',0,440918),(4367450,'测试礼物973002930',712,3,0,'2022-03-21 00:00:00','2022-03-24 00:00:00',0,366230),(4399316,'测试礼物1133457929',1129,1,0,'2022-03-21 00:00:00','2022-03-21 00:00:00',0,126154),(4404016,'测试礼物398562698',1687,5,0,'2022-03-21 00:00:00','2022-04-09 00:00:00',0,846781),(4423497,'测试礼物623171120',626,9,0,'2022-03-21 00:00:00','2022-03-21 00:00:00',0,366230),(4548555,'测试礼物1063533887',1828,1,0,'2022-03-21 00:00:00','2022-03-21 00:00:00',0,669190),(4550903,'测试礼物561617016',4,4,0,'2022-03-21 00:00:00','2022-03-21 00:00:00',0,366230),(4657039,'测试礼物984209827',2291,6,0,'2022-03-21 00:00:00','2022-03-21 00:00:00',0,550207),(4664362,'测试礼物592133059',1166,0,0,'2022-03-21 00:00:00','2022-04-09 00:00:00',0,366230),(4683708,'测试礼物1101031104',1578,7,0,'2022-03-21 00:00:00','2022-03-24 00:00:00',0,550207),(4701678,'测试礼物908824781',1006,0,0,'2022-03-21 00:00:00','2022-03-21 00:00:00',0,126154),(4710965,'测试礼物1132489442',1733,6,0,'2022-03-21 00:00:00','2022-03-21 00:00:00',0,669190),(4767124,'测试礼物292529529',1553,0,0,'2022-03-21 00:00:00','2022-03-21 00:00:00',0,756906),(4768269,'测试礼物94131702',1959,4,0,'2022-03-21 00:00:00','2022-03-21 00:00:00',0,756906),(4774421,'测试礼物240184653',1034,2,0,'2022-03-21 00:00:00','2022-03-21 00:00:00',0,126154),(4825561,'测试礼物967107869',701,4,0,'2022-03-21 00:00:00','2022-03-21 00:00:00',0,366230),(4881884,'测试礼物290968065',1655,2,0,'2022-03-21 00:00:00','2022-03-21 00:00:00',0,154377),(4892283,'测试礼物1025915276',2304,5,0,'2022-03-21 00:00:00','2022-03-21 00:00:00',0,756906),(4910561,'测试礼物1397943855',279,1,0,'2022-03-21 00:00:00','2022-03-21 00:00:00',0,440918),(5025802,'测试礼物313519937',1827,0,0,'2022-03-21 00:00:00','2022-04-09 00:00:00',0,440918),(5051269,'测试礼物776155867',1877,5,0,'2022-03-21 00:00:00','2022-03-21 00:00:00',0,756906),(5139831,'测试礼物208936577',110,2,0,'2022-03-21 00:00:00','2022-03-21 00:00:00',0,846781),(5214922,'测试礼物394544520',911,8,0,'2022-03-21 00:00:00','2022-04-09 00:00:00',0,126154),(5219282,'测试礼物1232288620',1029,7,0,'2022-03-21 00:00:00','2022-04-09 00:00:00',0,550207),(5229904,'测试礼物875554133',2100,0,0,'2022-03-21 00:00:00','2022-04-09 00:00:00',0,756906),(5246840,'测试礼物189540496',2283,5,0,'2022-03-21 00:00:00','2022-03-24 00:00:00',0,669190),(5253618,'测试礼物1276472500',336,3,0,'2022-03-21 00:00:00','2022-03-21 00:00:00',0,938431),(5254228,'测试礼物756373499',2156,6,0,'2022-03-21 00:00:00','2022-04-09 00:00:00',0,440918),(5276661,'测试礼物630018834',1205,3,0,'2022-03-21 00:00:00','2022-03-21 00:00:00',0,366230),(5366208,'测试礼物331119467',1282,1,0,'2022-03-21 00:00:00','2022-04-09 00:00:00',0,154377),(5448036,'测试礼物971218760',982,8,0,'2022-03-21 00:00:00','2022-03-21 00:00:00',0,669190),(5461291,'测试礼物353029959',1984,6,0,'2022-03-21 00:00:00','2022-04-09 00:00:00',0,440918),(5484402,'测试礼物801983580',993,3,0,'2022-03-21 00:00:00','2022-03-21 00:00:00',0,669190),(5521012,'测试礼物122817539',1518,4,0,'2022-03-21 00:00:00','2022-03-21 00:00:00',0,526033),(5540167,'测试礼物915926228',1985,1,0,'2022-03-21 00:00:00','2022-03-24 00:00:00',0,440918),(5614152,'测试礼物1232008502',298,9,0,'2022-03-21 00:00:00','2022-03-21 00:00:00',0,669190),(5618486,'测试礼物1324066337',2218,0,0,'2022-03-21 00:00:00','2022-03-24 00:00:00',0,154377),(5623716,'测试礼物470374336',1838,5,0,'2022-03-21 00:00:00','2022-03-21 00:00:00',0,938431),(5628863,'测试礼物1310014987',2306,4,0,'2022-03-21 00:00:00','2022-04-09 00:00:00',0,366230),(5630400,'测试礼物1234191240',367,6,0,'2022-03-21 00:00:00','2022-03-21 00:00:00',0,154377),(5636289,'测试礼物640885308',1836,8,0,'2022-03-21 00:00:00','2022-03-21 00:00:00',0,526033),(5655068,'测试礼物419200346',1737,1,0,'2022-03-21 00:00:00','2022-03-24 00:00:00',0,938431),(5675412,'测试礼物703026357',1089,0,0,'2022-03-21 00:00:00','2022-03-21 00:00:00',0,756906),(5677322,'测试礼物1311122896',2084,1,0,'2022-03-21 00:00:00','2022-03-24 00:00:00',0,154377),(5687789,'测试礼物395613579',324,5,0,'2022-03-21 00:00:00','2022-04-09 00:00:00',0,756906),(5721461,'测试礼物1386232750',833,0,0,'2022-03-21 00:00:00','2022-03-21 00:00:00',0,756906),(5725234,'测试礼物668133795',2197,6,0,'2022-03-21 00:00:00','2022-03-21 00:00:00',0,756906),(5728058,'测试礼物30255916',1830,5,0,'2022-03-21 00:00:00','2022-03-21 00:00:00',0,938431),(5732159,'测试礼物1195087908',725,8,0,'2022-03-21 00:00:00','2022-04-09 00:00:00',0,526033),(5739427,'测试礼物960658995',1063,6,0,'2022-03-21 00:00:00','2022-03-21 00:00:00',0,756906),(5741486,'测试礼物744721338',368,0,0,'2022-03-21 00:00:00','2022-03-21 00:00:00',0,440918),(5761138,'测试礼物579534698',285,6,0,'2022-03-21 00:00:00','2022-03-21 00:00:00',0,550207),(5798681,'测试礼物1242365481',2021,9,0,'2022-03-21 00:00:00','2022-03-21 00:00:00',0,669190),(5853465,'测试礼物179130191',1542,1,0,'2022-03-21 00:00:00','2022-03-24 00:00:00',0,440918),(5864205,'测试礼物522032571',1068,5,0,'2022-03-21 00:00:00','2022-03-21 00:00:00',0,938431),(5867887,'测试礼物1170724241',1423,8,0,'2022-03-21 00:00:00','2022-03-21 00:00:00',0,938431),(5874265,'测试礼物712979468',542,9,0,'2022-03-21 00:00:00','2022-03-24 00:00:00',0,846781),(5877447,'测试礼物1138818202',264,8,0,'2022-03-21 00:00:00','2022-03-21 00:00:00',0,550207),(5902715,'测试礼物513925819',520,1,0,'2022-03-21 00:00:00','2022-03-21 00:00:00',0,669190),(5928277,'测试礼物1237430884',952,6,0,'2022-03-21 00:00:00','2022-03-21 00:00:00',0,756906),(5943669,'测试礼物147585342',1033,6,0,'2022-03-21 00:00:00','2022-04-09 00:00:00',0,756906),(5955245,'测试礼物1264688552',725,6,0,'2022-03-21 00:00:00','2022-03-21 00:00:00',0,846781),(5994269,'测试礼物400789651',1109,5,0,'2022-03-21 00:00:00','2022-03-24 00:00:00',0,846781),(6012765,'测试礼物301312623',1270,6,0,'2022-03-21 00:00:00','2022-03-21 00:00:00',0,846781),(6028043,'测试礼物300386314',535,2,0,'2022-03-21 00:00:00','2022-04-09 00:00:00',0,440918),(6049500,'测试礼物1331632220',2303,9,0,'2022-03-21 00:00:00','2022-03-24 00:00:00',0,126154),(6051902,'测试礼物342023635',128,9,0,'2022-03-21 00:00:00','2022-04-09 00:00:00',0,366230),(6062940,'测试礼物1107664164',862,9,0,'2022-03-21 00:00:00','2022-03-24 00:00:00',0,846781),(6074608,'测试礼物1423172188',484,2,0,'2022-03-21 00:00:00','2022-03-21 00:00:00',0,126154),(6075070,'测试礼物352869899',1188,4,0,'2022-03-21 00:00:00','2022-03-21 00:00:00',0,366230),(6102544,'测试礼物1150357996',514,2,0,'2022-03-21 00:00:00','2022-03-24 00:00:00',0,756906),(6105548,'测试礼物476672560',1778,3,0,'2022-03-21 00:00:00','2022-03-24 00:00:00',0,938431),(6199735,'测试礼物1150881409',904,5,0,'2022-03-21 00:00:00','2022-03-21 00:00:00',0,440918),(6210937,'测试礼物1434311346',1986,1,0,'2022-03-21 00:00:00','2022-03-21 00:00:00',0,846781),(6225373,'测试礼物908123655',1101,5,0,'2022-03-21 00:00:00','2022-04-09 00:00:00',0,366230),(6241338,'测试礼物636797993',1831,2,0,'2022-03-21 00:00:00','2022-03-21 00:00:00',0,126154),(6258259,'测试礼物684130537',1099,1,0,'2022-03-21 00:00:00','2022-03-21 00:00:00',0,440918),(6259025,'测试礼物332692016',830,9,0,'2022-03-21 00:00:00','2022-03-21 00:00:00',0,938431),(6281997,'测试礼物760997273',1185,0,0,'2022-03-21 00:00:00','2022-04-09 00:00:00',0,669190),(6284925,'测试礼物108229883',2294,6,0,'2022-03-21 00:00:00','2022-03-21 00:00:00',0,526033),(6301032,'测试礼物1127902024',908,1,0,'2022-03-21 00:00:00','2022-04-09 00:00:00',0,938431),(6340992,'测试礼物1237684549',1878,1,0,'2022-03-21 00:00:00','2022-04-09 00:00:00',0,366230),(6355199,'测试礼物245055093',651,5,0,'2022-03-21 00:00:00','2022-03-21 00:00:00',0,154377),(6390524,'测试礼物606039595',546,3,0,'2022-03-21 00:00:00','2022-03-21 00:00:00',0,440918),(6390812,'测试礼物1102318868',96,1,0,'2022-03-21 00:00:00','2022-03-21 00:00:00',0,126154),(6393579,'测试礼物1432366781',2252,6,0,'2022-03-21 00:00:00','2022-04-09 00:00:00',0,550207),(6413590,'测试礼物1102428957',1999,2,0,'2022-03-21 00:00:00','2022-03-21 00:00:00',0,126154),(6485692,'测试礼物337673801',2265,1,0,'2022-03-21 00:00:00','2022-03-21 00:00:00',0,154377),(6493630,'测试礼物437823665',2288,1,0,'2022-03-21 00:00:00','2022-03-21 00:00:00',0,550207),(6498832,'测试礼物52647701',1425,1,0,'2022-03-21 00:00:00','2022-04-09 00:00:00',0,550207),(6504066,'测试礼物486562743',2081,9,0,'2022-03-21 00:00:00','2022-04-09 00:00:00',0,526033),(6547602,'测试礼物430023455',374,8,0,'2022-03-21 00:00:00','2022-03-21 00:00:00',0,756906),(6571009,'测试礼物258555572',404,2,0,'2022-03-21 00:00:00','2022-03-21 00:00:00',0,154377),(6618905,'测试礼物1082816603',862,5,0,'2022-03-21 00:00:00','2022-04-09 00:00:00',0,154377),(6626933,'测试礼物454145100',1956,2,0,'2022-03-21 00:00:00','2022-03-21 00:00:00',0,154377),(6646244,'测试礼物751324453',564,7,0,'2022-03-21 00:00:00','2022-03-21 00:00:00',0,550207),(6646823,'测试礼物683774064',657,8,0,'2022-03-21 00:00:00','2022-03-24 00:00:00',0,669190),(6671840,'测试礼物653050705',417,0,0,'2022-03-21 00:00:00','2022-03-21 00:00:00',0,938431),(6677836,'测试礼物1102046286',700,2,0,'2022-03-21 00:00:00','2022-03-24 00:00:00',0,756906),(6733965,'测试礼物1279620374',2125,4,0,'2022-03-21 00:00:00','2022-03-21 00:00:00',0,154377),(6742346,'测试礼物188682929',1628,9,0,'2022-03-21 00:00:00','2022-03-21 00:00:00',0,526033),(6753545,'测试礼物906440617',398,9,0,'2022-03-21 00:00:00','2022-03-21 00:00:00',0,366230),(6756126,'测试礼物997369596',1009,5,0,'2022-03-21 00:00:00','2022-03-21 00:00:00',0,526033),(6769746,'测试礼物951519189',472,0,0,'2022-03-21 00:00:00','2022-04-09 00:00:00',0,938431),(6776347,'测试礼物875791172',2058,9,0,'2022-03-21 00:00:00','2022-04-09 00:00:00',0,154377),(6783741,'测试礼物112353983',944,7,0,'2022-03-21 00:00:00','2022-03-21 00:00:00',0,938431),(6799339,'测试礼物183900736',295,8,0,'2022-03-21 00:00:00','2022-03-24 00:00:00',0,126154),(6801053,'测试礼物880293267',351,6,0,'2022-03-21 00:00:00','2022-04-09 00:00:00',0,440918),(6816914,'测试礼物1428143380',558,8,0,'2022-03-21 00:00:00','2022-03-21 00:00:00',0,154377),(6834543,'测试礼物189533532',15,8,0,'2022-03-21 00:00:00','2022-03-21 00:00:00',0,756906),(6835527,'测试礼物1329938566',86,0,0,'2022-03-21 00:00:00','2022-03-21 00:00:00',0,756906),(6850609,'测试礼物872115467',2178,7,0,'2022-03-21 00:00:00','2022-03-21 00:00:00',0,550207),(6882531,'测试礼物628391187',940,6,0,'2022-03-21 00:00:00','2022-03-21 00:00:00',0,669190),(6924095,'测试礼物1411520862',2226,4,0,'2022-03-21 00:00:00','2022-03-21 00:00:00',0,366230),(6932000,'测试礼物1120589539',380,6,0,'2022-03-21 00:00:00','2022-03-21 00:00:00',0,440918),(6975354,'测试礼物915269',857,3,0,'2022-03-21 00:00:00','2022-03-21 00:00:00',0,756906),(6989390,'测试礼物1344246558',357,0,0,'2022-03-21 00:00:00','2022-03-21 00:00:00',0,756906),(6997685,'测试礼物9355510',1606,0,0,'2022-03-21 00:00:00','2022-03-21 00:00:00',0,440918),(7015782,'测试礼物37775039',1974,3,0,'2022-03-21 00:00:00','2022-03-21 00:00:00',0,550207),(7038303,'测试礼物986316322',360,4,0,'2022-03-21 00:00:00','2022-03-24 00:00:00',0,440918),(7044688,'测试礼物1400585845',2299,3,0,'2022-03-21 00:00:00','2022-04-09 00:00:00',0,550207),(7058357,'测试礼物391186949',184,1,0,'2022-03-21 00:00:00','2022-03-21 00:00:00',0,440918),(7064890,'测试礼物916699900',1037,0,0,'2022-03-21 00:00:00','2022-03-21 00:00:00',0,550207),(7078161,'测试礼物121729330',2027,6,0,'2022-03-21 00:00:00','2022-03-21 00:00:00',0,366230),(7093302,'测试礼物1160847579',1906,6,0,'2022-03-21 00:00:00','2022-03-21 00:00:00',0,126154),(7114484,'测试礼物1000362672',1454,7,0,'2022-03-21 00:00:00','2022-03-21 00:00:00',0,938431),(7120716,'测试礼物396440184',1182,1,0,'2022-03-21 00:00:00','2022-04-09 00:00:00',0,938431),(7157071,'测试礼物1031387553',310,3,0,'2022-03-21 00:00:00','2022-03-24 00:00:00',0,669190),(7166209,'测试礼物287286818',1461,1,0,'2022-03-21 00:00:00','2022-04-09 00:00:00',0,126154),(7180184,'测试礼物490785266',1551,9,0,'2022-03-21 00:00:00','2022-03-21 00:00:00',0,550207),(7200026,'测试礼物568920626',1261,5,0,'2022-03-21 00:00:00','2022-04-09 00:00:00',0,126154),(7207512,'测试礼物778103270',181,2,0,'2022-03-21 00:00:00','2022-04-09 00:00:00',0,366230),(7221195,'测试礼物165705877',2245,0,0,'2022-03-21 00:00:00','2022-03-21 00:00:00',0,526033),(7240889,'测试礼物602612359',345,6,0,'2022-03-21 00:00:00','2022-03-21 00:00:00',0,440918),(7270593,'测试礼物719391181',538,9,0,'2022-03-21 00:00:00','2022-03-21 00:00:00',0,154377),(7279356,'测试礼物729010927',1338,1,0,'2022-03-21 00:00:00','2022-03-24 00:00:00',0,938431),(7285659,'测试礼物1284192158',2133,5,0,'2022-03-21 00:00:00','2022-03-24 00:00:00',0,846781),(7325184,'测试礼物106300528',382,8,0,'2022-03-21 00:00:00','2022-03-21 00:00:00',0,126154),(7330840,'测试礼物274469088',402,4,0,'2022-03-21 00:00:00','2022-04-09 00:00:00',0,550207),(7338668,'测试礼物144602517',1539,5,0,'2022-03-21 00:00:00','2022-04-09 00:00:00',0,526033),(7378554,'测试礼物1151468158',560,9,0,'2022-03-21 00:00:00','2022-03-21 00:00:00',0,440918),(7394288,'测试礼物1238487315',132,5,0,'2022-03-21 00:00:00','2022-03-21 00:00:00',0,846781),(7397685,'测试礼物692941589',120,1,0,'2022-03-21 00:00:00','2022-03-21 00:00:00',0,938431),(7400205,'测试礼物546141856',2232,3,0,'2022-03-21 00:00:00','2022-04-09 00:00:00',0,669190),(7417848,'测试礼物677168066',756,4,0,'2022-03-21 00:00:00','2022-03-24 00:00:00',0,846781),(7419520,'测试礼物908850213',508,9,0,'2022-03-21 00:00:00','2022-03-24 00:00:00',0,526033),(7446573,'测试礼物36927324',129,6,0,'2022-03-21 00:00:00','2022-03-24 00:00:00',0,154377),(7534491,'测试礼物1009956123',1776,6,0,'2022-03-21 00:00:00','2022-03-21 00:00:00',0,440918),(7600215,'测试礼物680179153',1540,9,0,'2022-03-21 00:00:00','2022-03-21 00:00:00',0,756906),(7610257,'测试礼物1238108621',2178,4,0,'2022-03-21 00:00:00','2022-04-09 00:00:00',0,366230),(7620607,'测试礼物1192126572',1995,0,0,'2022-03-21 00:00:00','2022-03-21 00:00:00',0,846781),(7623186,'测试礼物520092625',1192,1,0,'2022-03-21 00:00:00','2022-03-21 00:00:00',0,440918),(7639606,'测试礼物70534879',1034,5,0,'2022-03-21 00:00:00','2022-03-21 00:00:00',0,154377),(7643193,'测试礼物424220796',521,2,0,'2022-03-21 00:00:00','2022-03-21 00:00:00',0,366230),(7648357,'测试礼物408398901',1905,9,0,'2022-03-21 00:00:00','2022-04-09 00:00:00',0,756906),(7653049,'测试礼物8835046',1278,6,0,'2022-03-21 00:00:00','2022-03-24 00:00:00',0,669190),(7676226,'测试礼物1059508303',197,7,0,'2022-03-21 00:00:00','2022-03-21 00:00:00',0,440918),(7676653,'测试礼物210645801',966,4,0,'2022-03-21 00:00:00','2022-03-21 00:00:00',0,366230),(7676843,'测试礼物439437972',292,4,0,'2022-03-21 00:00:00','2022-04-09 00:00:00',0,669190),(7681639,'测试礼物726525594',912,1,0,'2022-03-21 00:00:00','2022-03-21 00:00:00',0,550207),(7701396,'测试礼物1303734918',1640,6,0,'2022-03-21 00:00:00','2022-03-21 00:00:00',0,126154),(7714503,'测试礼物290653862',2028,9,0,'2022-03-21 00:00:00','2022-03-21 00:00:00',0,550207),(7736188,'测试礼物799705674',1774,0,0,'2022-03-21 00:00:00','2022-03-24 00:00:00',0,756906),(7750708,'测试礼物1124008461',324,3,0,'2022-03-21 00:00:00','2022-03-24 00:00:00',0,550207),(7754346,'测试礼物630682305',199,0,0,'2022-03-21 00:00:00','2022-03-21 00:00:00',0,366230),(7782489,'测试礼物1103261250',1016,7,0,'2022-03-21 00:00:00','2022-04-09 00:00:00',0,154377),(7897191,'测试礼物514495796',1664,9,0,'2022-03-21 00:00:00','2022-03-24 00:00:00',0,440918),(7999429,'测试礼物611783588',165,3,0,'2022-03-21 00:00:00','2022-03-21 00:00:00',0,126154),(8047444,'测试礼物1230647956',21,9,0,'2022-03-21 00:00:00','2022-03-21 00:00:00',0,126154),(8115547,'测试礼物697573809',533,6,0,'2022-03-21 00:00:00','2022-03-21 00:00:00',0,526033),(8126684,'测试礼物836225870',2010,4,0,'2022-03-21 00:00:00','2022-03-21 00:00:00',0,756906),(8139697,'测试礼物858111101',1425,0,0,'2022-03-21 00:00:00','2022-03-21 00:00:00',0,526033),(8152644,'测试礼物731389414',1151,1,0,'2022-03-21 00:00:00','2022-04-09 00:00:00',0,550207),(8155227,'测试礼物330929494',55,6,0,'2022-03-21 00:00:00','2022-03-21 00:00:00',0,938431),(8229041,'测试礼物942197822',359,2,0,'2022-03-21 00:00:00','2022-03-21 00:00:00',0,550207),(8245522,'测试礼物277798327',1214,4,0,'2022-03-21 00:00:00','2022-03-21 00:00:00',0,756906),(8257955,'测试礼物1293039050',1691,3,0,'2022-03-21 00:00:00','2022-03-21 00:00:00',0,440918),(8287410,'测试礼物262928047',380,6,0,'2022-03-21 00:00:00','2022-03-24 00:00:00',0,526033),(8292460,'测试礼物510138858',2272,9,0,'2022-03-21 00:00:00','2022-03-21 00:00:00',0,126154),(8295426,'测试礼物67173113',1080,5,0,'2022-03-21 00:00:00','2022-03-21 00:00:00',0,526033),(8301726,'测试礼物881299722',1234,1,0,'2022-03-21 00:00:00','2022-03-24 00:00:00',0,126154),(8355963,'测试礼物96945197',1483,7,0,'2022-03-21 00:00:00','2022-04-09 00:00:00',0,938431),(8356476,'测试礼物965638030',1221,2,0,'2022-03-21 00:00:00','2022-04-09 00:00:00',0,366230),(8357806,'测试礼物1067179789',2056,1,0,'2022-03-21 00:00:00','2022-03-21 00:00:00',0,526033),(8402413,'测试礼物974644560',1191,1,0,'2022-03-21 00:00:00','2022-03-21 00:00:00',0,366230),(8418230,'测试礼物806472750',235,1,0,'2022-03-21 00:00:00','2022-03-21 00:00:00',0,756906),(8421123,'测试礼物1302452810',409,5,0,'2022-03-21 00:00:00','2022-03-21 00:00:00',0,366230),(8431760,'测试礼物637000083',1187,5,0,'2022-03-21 00:00:00','2022-03-21 00:00:00',0,938431),(8449890,'测试礼物45908163',777,3,0,'2022-03-21 00:00:00','2022-03-24 00:00:00',0,756906),(8477859,'测试礼物1232705172',684,4,0,'2022-03-21 00:00:00','2022-03-21 00:00:00',0,846781),(8514867,'测试礼物259795342',1397,7,0,'2022-03-21 00:00:00','2022-03-21 00:00:00',0,154377),(8516858,'测试礼物342637714',951,0,0,'2022-03-21 00:00:00','2022-04-09 00:00:00',0,938431),(8529735,'测试礼物107449474',367,1,0,'2022-03-21 00:00:00','2022-03-21 00:00:00',0,938431),(8530174,'测试礼物963812904',2120,9,0,'2022-03-21 00:00:00','2022-03-24 00:00:00',0,366230),(8586781,'测试礼物1169755665',117,8,0,'2022-03-21 00:00:00','2022-04-09 00:00:00',0,526033),(8587745,'测试礼物124451968',701,3,0,'2022-03-21 00:00:00','2022-03-21 00:00:00',0,154377),(8607220,'测试礼物184373405',1182,0,0,'2022-03-21 00:00:00','2022-03-21 00:00:00',0,550207),(8647728,'测试礼物962778032',1152,4,0,'2022-03-21 00:00:00','2022-04-09 00:00:00',0,366230),(8697486,'测试礼物75884715',983,1,0,'2022-03-21 00:00:00','2022-03-21 00:00:00',0,526033),(8701019,'测试礼物237979538',1418,9,0,'2022-03-21 00:00:00','2022-03-21 00:00:00',0,440918),(8752252,'测试礼物583799813',160,9,0,'2022-03-21 00:00:00','2022-03-21 00:00:00',0,938431),(8784013,'测试礼物1046868393',1516,0,0,'2022-03-21 00:00:00','2022-03-21 00:00:00',0,938431),(8791203,'测试礼物1077671844',2083,9,0,'2022-03-21 00:00:00','2022-03-21 00:00:00',0,756906),(8826569,'测试礼物10507054',189,8,0,'2022-03-21 00:00:00','2022-04-09 00:00:00',0,366230),(8843351,'测试礼物955540745',1800,6,0,'2022-03-21 00:00:00','2022-03-24 00:00:00',0,526033),(8857728,'测试礼物1043654886',1264,6,0,'2022-03-21 00:00:00','2022-03-21 00:00:00',0,126154),(8943078,'测试礼物281519156',601,0,0,'2022-03-21 00:00:00','2022-04-09 00:00:00',0,938431),(8993370,'测试礼物1056584291',1377,9,0,'2022-03-21 00:00:00','2022-04-09 00:00:00',0,526033),(9008922,'测试礼物1022167655',2168,9,0,'2022-03-21 00:00:00','2022-03-21 00:00:00',0,154377),(9019845,'测试礼物1390435914',1654,2,0,'2022-03-21 00:00:00','2022-03-24 00:00:00',0,126154),(9024509,'测试礼物711960424',582,2,0,'2022-03-21 00:00:00','2022-04-09 00:00:00',0,846781),(9030913,'测试礼物85361091',1107,7,0,'2022-03-21 00:00:00','2022-03-21 00:00:00',0,756906),(9037797,'测试礼物544809322',2207,3,0,'2022-03-21 00:00:00','2022-04-09 00:00:00',0,366230),(9081816,'测试礼物1129643313',2010,5,0,'2022-03-21 00:00:00','2022-03-24 00:00:00',0,550207),(9081912,'测试礼物694364175',16,7,0,'2022-03-21 00:00:00','2022-04-09 00:00:00',0,938431),(9085409,'测试礼物657411868',1898,2,0,'2022-03-21 00:00:00','2022-03-21 00:00:00',0,154377),(9103197,'测试礼物813018307',588,8,0,'2022-03-21 00:00:00','2022-04-09 00:00:00',0,440918),(9156966,'测试礼物1125649954',144,5,0,'2022-03-21 00:00:00','2022-03-21 00:00:00',0,846781),(9165283,'测试礼物1311458652',1763,8,0,'2022-03-21 00:00:00','2022-03-21 00:00:00',0,938431),(9182446,'测试礼物811194519',135,2,0,'2022-03-21 00:00:00','2022-03-21 00:00:00',0,846781),(9210121,'测试礼物788658318',411,6,0,'2022-03-21 00:00:00','2022-04-09 00:00:00',0,550207),(9216928,'测试礼物1404747737',638,3,0,'2022-03-21 00:00:00','2022-03-21 00:00:00',0,526033),(9224980,'测试礼物1183370866',1815,4,0,'2022-03-21 00:00:00','2022-03-24 00:00:00',0,938431),(9239778,'测试礼物853062226',303,1,0,'2022-03-21 00:00:00','2022-03-21 00:00:00',0,126154),(9248586,'测试礼物897241092',81,1,0,'2022-03-21 00:00:00','2022-03-21 00:00:00',0,756906),(9274115,'测试礼物161954535',477,4,0,'2022-03-21 00:00:00','2022-03-21 00:00:00',0,366230),(9282566,'测试礼物286202838',1902,8,0,'2022-03-21 00:00:00','2022-03-21 00:00:00',0,126154),(9343393,'测试礼物1079110843',339,4,0,'2022-03-21 00:00:00','2022-04-09 00:00:00',0,154377),(9344069,'测试礼物504716841',177,1,0,'2022-03-21 00:00:00','2022-03-21 00:00:00',0,126154),(9351068,'测试礼物553562491',609,3,0,'2022-03-21 00:00:00','2022-03-21 00:00:00',0,440918),(9357120,'测试礼物1413328889',662,0,0,'2022-03-21 00:00:00','2022-03-21 00:00:00',0,846781),(9382331,'测试礼物370987282',1827,7,0,'2022-03-21 00:00:00','2022-03-24 00:00:00',0,440918),(9389672,'测试礼物155822987',1243,1,0,'2022-03-21 00:00:00','2022-04-09 00:00:00',0,154377),(9392933,'测试礼物415681683',1073,1,0,'2022-03-21 00:00:00','2022-03-21 00:00:00',0,669190),(9403562,'测试礼物77766285',427,3,0,'2022-03-21 00:00:00','2022-03-21 00:00:00',0,938431),(9414435,'测试礼物939440091',987,0,0,'2022-03-21 00:00:00','2022-03-21 00:00:00',0,669190),(9415811,'测试礼物237625610',404,9,0,'2022-03-21 00:00:00','2022-03-21 00:00:00',0,366230),(9446191,'测试礼物384100654',1760,6,0,'2022-03-21 00:00:00','2022-03-21 00:00:00',0,550207),(9456767,'测试礼物584493089',282,9,0,'2022-03-21 00:00:00','2022-03-21 00:00:00',0,126154),(9464305,'测试礼物525628200',417,8,0,'2022-03-21 00:00:00','2022-03-21 00:00:00',0,526033),(9491175,'测试礼物598839991',236,8,0,'2022-03-21 00:00:00','2022-04-09 00:00:00',0,526033),(9499274,'测试礼物172750815',1411,1,0,'2022-03-21 00:00:00','2022-04-09 00:00:00',0,669190),(9539262,'测试礼物1392175761',1554,1,0,'2022-03-21 00:00:00','2022-03-21 00:00:00',0,154377),(9571781,'测试礼物89619495',1088,9,0,'2022-03-21 00:00:00','2022-04-09 00:00:00',0,846781),(9584903,'测试礼物650923319',1133,9,0,'2022-03-21 00:00:00','2022-03-21 00:00:00',0,440918),(9595481,'测试礼物1239497906',639,3,0,'2022-03-21 00:00:00','2022-03-21 00:00:00',0,126154),(9608809,'测试礼物225716681',1930,5,0,'2022-03-21 00:00:00','2022-03-21 00:00:00',0,440918),(9635439,'测试礼物518907621',1080,3,0,'2022-03-21 00:00:00','2022-03-21 00:00:00',0,366230),(9664301,'测试礼物1265766250',151,4,0,'2022-03-21 00:00:00','2022-04-09 00:00:00',0,526033),(9681969,'测试礼物989023692',1174,2,0,'2022-03-21 00:00:00','2022-03-21 00:00:00',0,126154),(9747168,'测试礼物1268506405',303,6,0,'2022-03-21 00:00:00','2022-03-24 00:00:00',0,756906),(9797811,'测试礼物102108636',438,9,0,'2022-03-21 00:00:00','2022-03-21 00:00:00',0,126154),(9853505,'测试礼物811095006',736,6,0,'2022-03-21 00:00:00','2022-03-21 00:00:00',0,756906),(9859775,'测试礼物1115649209',254,8,0,'2022-03-21 00:00:00','2022-03-21 00:00:00',0,550207),(9865460,'测试礼物598237160',1678,2,0,'2022-03-21 00:00:00','2022-03-21 00:00:00',0,126154),(9870727,'测试礼物919456128',1166,2,0,'2022-03-21 00:00:00','2022-03-21 00:00:00',0,440918),(9883090,'测试礼物1111404374',623,3,0,'2022-03-21 00:00:00','2022-03-21 00:00:00',0,440918),(9969233,'测试礼物572701823',759,9,0,'2022-03-21 00:00:00','2022-03-21 00:00:00',0,154377),(9982142,'测试礼物350589241',1990,7,0,'2022-03-21 00:00:00','2022-03-21 00:00:00',0,938431),(10006794,'测试礼物852776011',831,7,0,'2022-03-21 00:00:00','2022-03-21 00:00:00',0,366230),(10034198,'测试礼物1388967218',2294,8,0,'2022-03-21 00:00:00','2022-04-09 00:00:00',0,126154),(10048948,'测试礼物1394007317',1054,9,0,'2022-03-21 00:00:00','2022-03-21 00:00:00',0,756906),(10054330,'测试礼物929533196',500,5,0,'2022-03-21 00:00:00','2022-04-09 00:00:00',0,154377),(10061777,'测试礼物38145352',417,3,0,'2022-03-21 00:00:00','2022-03-24 00:00:00',0,756906),(10074811,'测试礼物1169836740',2238,2,0,'2022-03-21 00:00:00','2022-03-21 00:00:00',0,526033),(10089524,'测试礼物779444470',2172,4,0,'2022-03-21 00:00:00','2022-03-21 00:00:00',0,846781),(10132793,'测试礼物236617137',516,6,0,'2022-03-21 00:00:00','2022-03-21 00:00:00',0,126154),(10206275,'测试礼物360627612',2126,8,0,'2022-03-21 00:00:00','2022-03-21 00:00:00',0,756906),(10223955,'测试礼物388851153',1695,2,0,'2022-03-21 00:00:00','2022-03-24 00:00:00',0,154377),(10233146,'测试礼物699081007',1514,7,0,'2022-03-21 00:00:00','2022-04-09 00:00:00',0,669190),(10234954,'测试礼物1225443436',263,6,0,'2022-03-21 00:00:00','2022-03-24 00:00:00',0,669190),(10259444,'测试礼物180022234',1009,9,0,'2022-03-21 00:00:00','2022-03-24 00:00:00',0,154377),(10286623,'测试礼物1017399897',1093,1,0,'2022-03-21 00:00:00','2022-03-24 00:00:00',0,440918),(10296993,'测试礼物763030034',602,5,0,'2022-03-21 00:00:00','2022-03-21 00:00:00',0,669190),(10304037,'测试礼物122974755',963,8,0,'2022-03-21 00:00:00','2022-03-21 00:00:00',0,756906),(10312966,'测试礼物781228727',1995,4,0,'2022-03-21 00:00:00','2022-03-21 00:00:00',0,126154),(10391673,'测试礼物1351495522',2207,6,0,'2022-03-21 00:00:00','2022-03-24 00:00:00',0,440918),(10421791,'测试礼物1381666690',786,5,0,'2022-03-21 00:00:00','2022-03-21 00:00:00',0,669190),(10422693,'测试礼物124596900',1632,3,0,'2022-03-21 00:00:00','2022-03-21 00:00:00',0,126154),(10426867,'测试礼物847087164',1096,0,0,'2022-03-21 00:00:00','2022-03-21 00:00:00',0,366230),(10461570,'测试礼物699295921',1491,8,0,'2022-03-21 00:00:00','2022-04-09 00:00:00',0,126154),(10471478,'测试礼物279588170',279,5,0,'2022-03-21 00:00:00','2022-03-21 00:00:00',0,440918),(10491767,'测试礼物624445185',891,5,0,'2022-03-21 00:00:00','2022-03-21 00:00:00',0,938431),(10495376,'测试礼物1192821227',364,7,0,'2022-03-21 00:00:00','2022-04-09 00:00:00',0,366230),(10519082,'测试礼物45256285',1282,0,0,'2022-03-21 00:00:00','2022-03-21 00:00:00',0,550207),(10545054,'测试礼物547435866',2300,0,0,'2022-03-21 00:00:00','2022-03-21 00:00:00',0,440918),(10576620,'测试礼物704359939',549,8,0,'2022-03-21 00:00:00','2022-03-21 00:00:00',0,126154),(10580578,'测试礼物1217208086',1430,6,0,'2022-03-21 00:00:00','2022-03-24 00:00:00',0,756906),(10654870,'测试礼物596193305',270,0,0,'2022-03-21 00:00:00','2022-03-21 00:00:00',0,526033),(10667304,'测试礼物270525574',154,8,0,'2022-03-21 00:00:00','2022-03-21 00:00:00',0,669190),(10692255,'测试礼物555979611',1565,7,0,'2022-03-21 00:00:00','2022-03-21 00:00:00',0,440918),(10706255,'测试礼物1235941077',485,4,0,'2022-03-21 00:00:00','2022-03-24 00:00:00',0,669190),(10736424,'测试礼物54056251',2246,9,0,'2022-03-21 00:00:00','2022-03-24 00:00:00',0,756906),(10769782,'测试礼物308627124',1365,1,0,'2022-03-21 00:00:00','2022-03-24 00:00:00',0,440918),(10784647,'测试礼物289945953',1879,6,0,'2022-03-21 00:00:00','2022-03-21 00:00:00',0,526033),(10786650,'测试礼物1009841519',637,8,0,'2022-03-21 00:00:00','2022-03-21 00:00:00',0,126154),(10795562,'测试礼物1305667898',2131,5,0,'2022-03-21 00:00:00','2022-03-21 00:00:00',0,669190),(10810834,'测试礼物1350678752',2,7,0,'2022-03-21 00:00:00','2022-03-21 00:00:00',0,846781),(10830870,'测试礼物763365715',1326,4,0,'2022-03-21 00:00:00','2022-03-21 00:00:00',0,154377),(10848215,'测试礼物817485950',1086,4,0,'2022-03-21 00:00:00','2022-04-09 00:00:00',0,938431),(10901286,'测试礼物1042296268',1331,4,0,'2022-03-21 00:00:00','2022-04-09 00:00:00',0,550207),(10912904,'测试礼物785686246',810,9,0,'2022-03-21 00:00:00','2022-03-21 00:00:00',0,669190),(10933376,'测试礼物222294040',1059,3,0,'2022-03-21 00:00:00','2022-03-21 00:00:00',0,440918),(10937613,'测试礼物916871872',2153,8,0,'2022-03-21 00:00:00','2022-03-21 00:00:00',0,526033),(10942195,'测试礼物206501523',657,1,0,'2022-03-21 00:00:00','2022-03-21 00:00:00',0,550207),(10995161,'测试礼物850402905',208,9,0,'2022-03-21 00:00:00','2022-03-21 00:00:00',0,938431),(11000195,'测试礼物116625042',1882,1,0,'2022-03-21 00:00:00','2022-03-21 00:00:00',0,938431),(11034212,'测试礼物38240972',1257,6,0,'2022-03-21 00:00:00','2022-04-09 00:00:00',0,846781),(11086708,'测试礼物382397772',304,9,0,'2022-03-21 00:00:00','2022-03-21 00:00:00',0,938431),(11087317,'测试礼物423103094',965,2,0,'2022-03-21 00:00:00','2022-04-09 00:00:00',0,154377),(11108646,'测试礼物708076704',148,8,0,'2022-03-21 00:00:00','2022-03-21 00:00:00',0,938431),(11143062,'测试礼物642039408',1301,2,0,'2022-03-21 00:00:00','2022-03-21 00:00:00',0,550207),(11176118,'测试礼物856866174',510,2,0,'2022-03-21 00:00:00','2022-04-09 00:00:00',0,440918),(11180085,'测试礼物1263495915',1277,6,0,'2022-03-21 00:00:00','2022-03-21 00:00:00',0,440918),(11289723,'测试礼物546688227',602,6,0,'2022-03-21 00:00:00','2022-03-21 00:00:00',0,669190),(11308654,'测试礼物613991239',1678,8,0,'2022-03-21 00:00:00','2022-04-09 00:00:00',0,126154),(11325587,'测试礼物984256673',97,7,0,'2022-03-21 00:00:00','2022-03-21 00:00:00',0,526033),(11353211,'测试礼物570521811',408,7,0,'2022-03-21 00:00:00','2022-03-21 00:00:00',0,440918),(11378994,'测试礼物639986100',740,7,0,'2022-03-21 00:00:00','2022-03-24 00:00:00',0,938431),(11412215,'测试礼物1325817385',860,8,0,'2022-03-21 00:00:00','2022-03-21 00:00:00',0,126154),(11414149,'测试礼物1380384459',550,8,0,'2022-03-21 00:00:00','2022-03-24 00:00:00',0,154377),(11434580,'测试礼物611485727',1509,1,0,'2022-03-21 00:00:00','2022-03-21 00:00:00',0,526033),(11483635,'测试礼物121644698',2150,0,0,'2022-03-21 00:00:00','2022-04-09 00:00:00',0,154377),(11487996,'测试礼物494934631',2311,2,0,'2022-03-21 00:00:00','2022-03-21 00:00:00',0,669190),(11515860,'测试礼物577198552',430,8,0,'2022-03-21 00:00:00','2022-03-21 00:00:00',0,126154),(11521379,'测试礼物890087857',1410,0,0,'2022-03-21 00:00:00','2022-03-24 00:00:00',0,154377),(11577768,'测试礼物364954759',1312,2,0,'2022-03-21 00:00:00','2022-04-09 00:00:00',0,526033),(11615883,'测试礼物413199083',2310,2,0,'2022-03-21 00:00:00','2022-03-21 00:00:00',0,938431),(11617097,'测试礼物704695989',169,0,0,'2022-03-21 00:00:00','2022-04-09 00:00:00',0,846781),(11624349,'测试礼物727207392',637,7,0,'2022-03-21 00:00:00','2022-03-21 00:00:00',0,154377),(11641241,'测试礼物315856312',2311,7,0,'2022-03-21 00:00:00','2022-03-21 00:00:00',0,756906),(11652485,'测试礼物1316694233',128,5,0,'2022-03-21 00:00:00','2022-03-21 00:00:00',0,550207),(11753458,'测试礼物1076127577',1223,9,0,'2022-03-21 00:00:00','2022-03-21 00:00:00',0,526033),(11765533,'测试礼物785108688',265,4,0,'2022-03-21 00:00:00','2022-04-09 00:00:00',0,526033),(11766175,'测试礼物139732677',429,7,0,'2022-03-21 00:00:00','2022-04-09 00:00:00',0,126154),(11779559,'测试礼物407463578',1539,7,0,'2022-03-21 00:00:00','2022-04-09 00:00:00',0,154377),(11781972,'测试礼物315138552',1640,5,0,'2022-03-21 00:00:00','2022-03-21 00:00:00',0,846781),(11794724,'测试礼物1216426940',452,8,0,'2022-03-21 00:00:00','2022-03-21 00:00:00',0,756906),(11804318,'测试礼物322887963',1754,4,0,'2022-03-21 00:00:00','2022-03-21 00:00:00',0,756906),(11808891,'测试礼物237849076',2173,7,0,'2022-03-21 00:00:00','2022-04-09 00:00:00',0,938431),(11817931,'测试礼物381521575',854,0,0,'2022-03-21 00:00:00','2022-04-09 00:00:00',0,526033),(11853786,'测试礼物1029757839',299,2,0,'2022-03-21 00:00:00','2022-03-24 00:00:00',0,756906),(11906743,'测试礼物437275524',94,0,0,'2022-03-21 00:00:00','2022-03-21 00:00:00',0,154377),(11908111,'测试礼物1034493806',743,1,0,'2022-03-21 00:00:00','2022-04-09 00:00:00',0,550207),(11917111,'测试礼物1307016906',1525,1,0,'2022-03-21 00:00:00','2022-03-21 00:00:00',0,526033),(11922912,'测试礼物487439435',327,0,0,'2022-03-21 00:00:00','2022-03-21 00:00:00',0,550207),(11923808,'测试礼物338513444',2080,9,0,'2022-03-21 00:00:00','2022-03-21 00:00:00',0,526033),(11950161,'测试礼物1352714185',1473,9,0,'2022-03-21 00:00:00','2022-03-21 00:00:00',0,669190),(11984904,'测试礼物11352552',824,7,0,'2022-03-21 00:00:00','2022-03-21 00:00:00',0,526033),(11997356,'测试礼物1190366556',1414,1,0,'2022-03-21 00:00:00','2022-03-21 00:00:00',0,526033),(12027905,'测试礼物894786631',2157,2,0,'2022-03-21 00:00:00','2022-04-09 00:00:00',0,550207),(12053330,'测试礼物1153191861',894,1,0,'2022-03-21 00:00:00','2022-03-21 00:00:00',0,126154),(12074281,'测试礼物547484640',1642,4,0,'2022-03-21 00:00:00','2022-03-21 00:00:00',0,550207),(12094038,'测试礼物1372607766',143,4,0,'2022-03-21 00:00:00','2022-03-21 00:00:00',0,366230),(12109034,'测试礼物866675363',1060,7,0,'2022-03-21 00:00:00','2022-03-21 00:00:00',0,154377),(12117894,'测试礼物211769277',1201,5,0,'2022-03-21 00:00:00','2022-03-21 00:00:00',0,526033),(12123116,'测试礼物939244295',408,7,0,'2022-03-21 00:00:00','2022-03-24 00:00:00',0,756906),(12131243,'测试礼物199295997',1615,9,0,'2022-03-21 00:00:00','2022-04-09 00:00:00',0,366230),(12139967,'测试礼物208051525',1143,6,0,'2022-03-21 00:00:00','2022-03-21 00:00:00',0,938431),(12143527,'测试礼物611676934',329,7,0,'2022-03-21 00:00:00','2022-04-09 00:00:00',0,526033),(12181952,'测试礼物799837990',341,5,0,'2022-03-21 00:00:00','2022-04-09 00:00:00',0,938431),(12199071,'测试礼物265989271',1096,5,0,'2022-03-21 00:00:00','2022-03-21 00:00:00',0,126154),(12264000,'测试礼物415415355',143,0,0,'2022-03-21 00:00:00','2022-03-21 00:00:00',0,846781),(12274270,'测试礼物517840741',907,9,0,'2022-03-21 00:00:00','2022-03-24 00:00:00',0,550207),(12277155,'测试礼物432690389',1165,0,0,'2022-03-21 00:00:00','2022-03-21 00:00:00',0,126154),(12277204,'测试礼物1147811212',1696,7,0,'2022-03-21 00:00:00','2022-04-09 00:00:00',0,154377),(12281923,'测试礼物1334512531',878,4,0,'2022-03-21 00:00:00','2022-03-21 00:00:00',0,938431),(12320591,'测试礼物844970820',748,3,0,'2022-03-21 00:00:00','2022-04-09 00:00:00',0,669190),(12321296,'测试礼物1157579212',775,5,0,'2022-03-21 00:00:00','2022-03-24 00:00:00',0,526033),(12353925,'测试礼物749494736',1345,9,0,'2022-03-21 00:00:00','2022-03-21 00:00:00',0,440918),(12360141,'测试礼物396617524',1474,9,0,'2022-03-21 00:00:00','2022-03-24 00:00:00',0,938431),(12375703,'测试礼物1088054926',1671,2,0,'2022-03-21 00:00:00','2022-03-21 00:00:00',0,669190),(12403510,'测试礼物923342782',2300,7,0,'2022-03-21 00:00:00','2022-03-21 00:00:00',0,756906),(12421510,'测试礼物1162132930',1148,2,0,'2022-03-21 00:00:00','2022-03-21 00:00:00',0,440918),(12458031,'测试礼物1334385139',1107,1,0,'2022-03-21 00:00:00','2022-03-21 00:00:00',0,440918),(12474220,'测试礼物664594429',2068,1,0,'2022-03-21 00:00:00','2022-03-21 00:00:00',0,440918),(12495988,'测试礼物296140655',809,7,0,'2022-03-21 00:00:00','2022-03-21 00:00:00',0,846781),(12497789,'测试礼物1255178052',1550,9,0,'2022-03-21 00:00:00','2022-03-24 00:00:00',0,154377),(12504341,'测试礼物671530753',24,9,0,'2022-03-21 00:00:00','2022-04-09 00:00:00',0,846781),(12521226,'测试礼物79626502',2105,4,0,'2022-03-21 00:00:00','2022-03-21 00:00:00',0,126154),(12613610,'测试礼物158207181',1851,9,0,'2022-03-21 00:00:00','2022-03-21 00:00:00',0,846781),(12618956,'测试礼物1269784767',89,5,0,'2022-03-21 00:00:00','2022-03-21 00:00:00',0,526033),(12639751,'测试礼物1249064529',1708,6,0,'2022-03-21 00:00:00','2022-03-21 00:00:00',0,550207),(12654937,'测试礼物546695066',1374,5,0,'2022-03-21 00:00:00','2022-03-21 00:00:00',0,846781),(12714267,'测试礼物1001610034',81,0,0,'2022-03-21 00:00:00','2022-03-24 00:00:00',0,756906),(12727732,'测试礼物1098349009',183,4,0,'2022-03-21 00:00:00','2022-03-21 00:00:00',0,938431),(12738356,'测试礼物1407934952',303,3,0,'2022-03-21 00:00:00','2022-03-21 00:00:00',0,526033),(12748777,'测试礼物759194416',1338,4,0,'2022-03-21 00:00:00','2022-03-21 00:00:00',0,550207),(12761217,'测试礼物733519143',1340,6,0,'2022-03-21 00:00:00','2022-03-21 00:00:00',0,126154),(12766790,'测试礼物335764674',423,7,0,'2022-03-21 00:00:00','2022-03-21 00:00:00',0,154377),(12792616,'测试礼物1160772623',904,3,0,'2022-03-21 00:00:00','2022-03-21 00:00:00',0,550207),(12800400,'测试礼物347952691',298,3,0,'2022-03-21 00:00:00','2022-03-21 00:00:00',0,440918),(12811676,'测试礼物1041488289',514,9,0,'2022-03-21 00:00:00','2022-04-09 00:00:00',0,440918),(12859560,'测试礼物968809466',584,7,0,'2022-03-21 00:00:00','2022-03-24 00:00:00',0,366230),(12863745,'测试礼物1312233132',1809,4,0,'2022-03-21 00:00:00','2022-03-21 00:00:00',0,846781),(12881933,'测试礼物1323205903',1885,1,0,'2022-03-21 00:00:00','2022-03-21 00:00:00',0,669190),(12923492,'测试礼物569667352',2067,9,0,'2022-03-21 00:00:00','2022-03-21 00:00:00',0,366230),(12925866,'测试礼物1188591468',1766,5,0,'2022-03-21 00:00:00','2022-03-21 00:00:00',0,526033),(12931163,'测试礼物126624396',2073,0,0,'2022-03-21 00:00:00','2022-03-21 00:00:00',0,366230),(12937821,'测试礼物2704017',331,2,0,'2022-03-21 00:00:00','2022-03-21 00:00:00',0,669190),(12960549,'测试礼物248286219',1397,1,0,'2022-03-21 00:00:00','2022-03-21 00:00:00',0,756906),(12990307,'测试礼物671949097',1353,3,0,'2022-03-21 00:00:00','2022-03-21 00:00:00',0,366230),(13003474,'测试礼物1345256423',214,2,0,'2022-03-21 00:00:00','2022-03-21 00:00:00',0,154377),(13129484,'测试礼物164505159',168,1,0,'2022-03-21 00:00:00','2022-03-21 00:00:00',0,846781),(13162544,'测试礼物1244796213',877,0,0,'2022-03-21 00:00:00','2022-03-21 00:00:00',0,938431),(13198345,'测试礼物33879234',381,2,0,'2022-03-21 00:00:00','2022-03-21 00:00:00',0,126154),(13229738,'测试礼物164393716',760,6,0,'2022-03-21 00:00:00','2022-03-24 00:00:00',0,126154),(13240815,'测试礼物204196318',150,9,0,'2022-03-21 00:00:00','2022-03-21 00:00:00',0,366230),(13280417,'测试礼物67562331',895,0,0,'2022-03-21 00:00:00','2022-04-09 00:00:00',0,366230),(13281228,'测试礼物877591332',1903,8,0,'2022-03-21 00:00:00','2022-04-09 00:00:00',0,440918),(13303554,'测试礼物1315424411',2259,3,0,'2022-03-21 00:00:00','2022-04-09 00:00:00',0,440918),(13353317,'测试礼物1291915045',720,8,0,'2022-03-21 00:00:00','2022-03-21 00:00:00',0,669190),(13361038,'测试礼物774354362',1817,4,0,'2022-03-21 00:00:00','2022-03-24 00:00:00',0,550207),(13361820,'测试礼物543777113',1038,8,0,'2022-03-21 00:00:00','2022-03-21 00:00:00',0,846781),(13362643,'测试礼物207776828',2198,4,0,'2022-03-21 00:00:00','2022-03-21 00:00:00',0,550207),(13371841,'测试礼物494114013',592,9,0,'2022-03-21 00:00:00','2022-03-21 00:00:00',0,154377),(13397688,'测试礼物1073319924',1969,2,0,'2022-03-21 00:00:00','2022-03-21 00:00:00',0,366230),(13408631,'测试礼物1265734064',2203,0,0,'2022-03-21 00:00:00','2022-03-24 00:00:00',0,366230),(13568056,'测试礼物591106602',1286,8,0,'2022-03-21 00:00:00','2022-03-21 00:00:00',0,550207),(13578211,'测试礼物1387304471',516,8,0,'2022-03-21 00:00:00','2022-04-09 00:00:00',0,938431),(13627172,'测试礼物369815530',349,2,0,'2022-03-21 00:00:00','2022-03-24 00:00:00',0,669190),(13762960,'测试礼物140714135',482,5,0,'2022-03-21 00:00:00','2022-03-24 00:00:00',0,526033),(13776220,'测试礼物1160401668',1477,3,0,'2022-03-21 00:00:00','2022-03-21 00:00:00',0,366230),(13789915,'测试礼物138624031',311,9,0,'2022-03-21 00:00:00','2022-03-21 00:00:00',0,440918),(13799819,'测试礼物673607333',1361,3,0,'2022-03-21 00:00:00','2022-03-21 00:00:00',0,154377),(13885458,'测试礼物47658568',1236,1,0,'2022-03-21 00:00:00','2022-03-21 00:00:00',0,366230),(13888465,'测试礼物530762429',7,6,0,'2022-03-21 00:00:00','2022-03-24 00:00:00',0,366230),(13901416,'测试礼物897554639',67,9,0,'2022-03-21 00:00:00','2022-03-24 00:00:00',0,526033),(13927284,'测试礼物898887197',784,6,0,'2022-03-21 00:00:00','2022-03-21 00:00:00',0,550207),(13934646,'测试礼物903301861',152,2,0,'2022-03-21 00:00:00','2022-03-21 00:00:00',0,526033),(14020109,'测试礼物878547974',1627,7,0,'2022-03-21 00:00:00','2022-03-24 00:00:00',0,440918),(14072959,'测试礼物996877565',448,4,0,'2022-03-21 00:00:00','2022-03-21 00:00:00',0,154377),(14093025,'测试礼物5569070',915,2,0,'2022-03-21 00:00:00','2022-03-21 00:00:00',0,938431),(14117383,'测试礼物510536332',1629,6,0,'2022-03-21 00:00:00','2022-03-24 00:00:00',0,126154),(14202467,'测试礼物808255495',1925,9,0,'2022-03-21 00:00:00','2022-03-21 00:00:00',0,938431),(14228506,'测试礼物1163867497',9,4,0,'2022-03-21 00:00:00','2022-04-09 00:00:00',0,756906),(14229644,'测试礼物995878345',296,4,0,'2022-03-21 00:00:00','2022-03-21 00:00:00',0,526033),(14253861,'测试礼物358315864',1410,2,0,'2022-03-21 00:00:00','2022-03-21 00:00:00',0,526033),(14315893,'测试礼物120939987',209,8,0,'2022-03-21 00:00:00','2022-04-09 00:00:00',0,154377),(14356758,'测试礼物178812408',527,0,0,'2022-03-21 00:00:00','2022-03-24 00:00:00',0,938431),(14362508,'测试礼物396146465',1294,7,0,'2022-03-21 00:00:00','2022-04-09 00:00:00',0,366230),(14384335,'测试礼物1131812370',973,0,0,'2022-03-21 00:00:00','2022-03-24 00:00:00',0,366230),(14389633,'测试礼物945733890',954,0,0,'2022-03-21 00:00:00','2022-03-21 00:00:00',0,126154),(14421577,'测试礼物1197951713',1662,5,0,'2022-03-21 00:00:00','2022-04-09 00:00:00',0,938431),(14473842,'测试礼物601821593',1660,0,0,'2022-03-21 00:00:00','2022-04-09 00:00:00',0,756906),(14519180,'测试礼物118141763',334,9,0,'2022-03-21 00:00:00','2022-03-21 00:00:00',0,366230),(14530650,'测试礼物1353155448',923,5,0,'2022-03-21 00:00:00','2022-03-21 00:00:00',0,550207),(14552353,'测试礼物633327395',669,7,0,'2022-03-21 00:00:00','2022-03-21 00:00:00',0,846781),(14584086,'测试礼物219437245',128,9,0,'2022-03-21 00:00:00','2022-04-09 00:00:00',0,366230),(14585604,'测试礼物249777990',2198,6,0,'2022-03-21 00:00:00','2022-03-21 00:00:00',0,126154),(14646554,'测试礼物81350031',1473,6,0,'2022-03-21 00:00:00','2022-03-24 00:00:00',0,756906),(14674059,'测试礼物1401549801',1779,8,0,'2022-03-21 00:00:00','2022-04-09 00:00:00',0,154377),(14685792,'测试礼物759168244',1182,1,0,'2022-03-21 00:00:00','2022-03-21 00:00:00',0,846781),(14735831,'测试礼物905816021',1157,2,0,'2022-03-21 00:00:00','2022-03-21 00:00:00',0,126154),(14755296,'测试礼物886354490',793,0,0,'2022-03-21 00:00:00','2022-03-24 00:00:00',0,440918),(14813456,'测试礼物446178053',172,8,0,'2022-03-21 00:00:00','2022-03-21 00:00:00',0,126154),(14838965,'测试礼物1324111519',2316,5,0,'2022-03-21 00:00:00','2022-03-21 00:00:00',0,526033),(14917617,'测试礼物4281458',428,7,0,'2022-03-21 00:00:00','2022-04-09 00:00:00',0,669190),(14935184,'测试礼物759186623',236,3,0,'2022-03-21 00:00:00','2022-03-21 00:00:00',0,669190),(14951854,'测试礼物1081975873',2130,2,0,'2022-03-21 00:00:00','2022-03-21 00:00:00',0,550207),(14958045,'测试礼物1016001183',632,7,0,'2022-03-21 00:00:00','2022-03-21 00:00:00',0,669190),(15013813,'测试礼物750219086',1155,2,0,'2022-03-21 00:00:00','2022-03-24 00:00:00',0,938431),(15015091,'测试礼物1228909424',134,1,0,'2022-03-21 00:00:00','2022-03-21 00:00:00',0,846781),(15022554,'测试礼物477591554',140,7,0,'2022-03-21 00:00:00','2022-03-21 00:00:00',0,550207),(15040134,'测试礼物672958687',659,1,0,'2022-03-21 00:00:00','2022-03-21 00:00:00',0,126154),(15048770,'测试礼物92655866',1333,7,0,'2022-03-21 00:00:00','2022-04-09 00:00:00',0,669190),(15080208,'测试礼物546907651',1358,1,0,'2022-03-21 00:00:00','2022-03-24 00:00:00',0,550207),(15107928,'测试礼物823330598',1694,1,0,'2022-03-21 00:00:00','2022-03-21 00:00:00',0,126154),(15155511,'测试礼物1423521864',1338,8,0,'2022-03-21 00:00:00','2022-04-09 00:00:00',0,938431),(15189734,'测试礼物313262646',345,1,0,'2022-03-21 00:00:00','2022-03-21 00:00:00',0,366230),(15225977,'测试礼物1160193815',2192,3,0,'2022-03-21 00:00:00','2022-03-24 00:00:00',0,154377),(15237623,'测试礼物1070818463',25,3,0,'2022-03-21 00:00:00','2022-03-24 00:00:00',0,526033),(15252905,'测试礼物396071645',411,9,0,'2022-03-21 00:00:00','2022-03-21 00:00:00',0,669190),(15254947,'测试礼物972983345',2219,1,0,'2022-03-21 00:00:00','2022-03-21 00:00:00',0,440918),(15258523,'测试礼物1335912707',2063,3,0,'2022-03-21 00:00:00','2022-03-24 00:00:00',0,526033),(15268820,'测试礼物392023037',1982,9,0,'2022-03-21 00:00:00','2022-03-21 00:00:00',0,756906),(15308460,'测试礼物1331739538',868,3,0,'2022-03-21 00:00:00','2022-03-21 00:00:00',0,669190),(15367090,'测试礼物72552087',1923,0,0,'2022-03-21 00:00:00','2022-03-21 00:00:00',0,846781),(15374109,'测试礼物1407144580',1730,9,0,'2022-03-21 00:00:00','2022-03-21 00:00:00',0,669190),(15385818,'测试礼物1228029223',704,5,0,'2022-03-21 00:00:00','2022-03-24 00:00:00',0,440918),(15394117,'测试礼物875369178',633,5,0,'2022-03-21 00:00:00','2022-03-21 00:00:00',0,154377),(15423529,'测试礼物1038178900',275,4,0,'2022-03-21 00:00:00','2022-03-21 00:00:00',0,526033),(15444416,'测试礼物276689433',998,2,0,'2022-03-21 00:00:00','2022-03-24 00:00:00',0,126154),(15457166,'测试礼物615170141',1548,0,0,'2022-03-21 00:00:00','2022-03-24 00:00:00',0,126154),(15458700,'测试礼物561659628',1655,2,0,'2022-03-21 00:00:00','2022-03-24 00:00:00',0,526033),(15463541,'测试礼物464084679',352,7,0,'2022-03-21 00:00:00','2022-03-21 00:00:00',0,154377),(15464042,'测试礼物228044677',674,2,0,'2022-03-21 00:00:00','2022-03-24 00:00:00',0,669190),(15483693,'测试礼物971021937',1663,7,0,'2022-03-21 00:00:00','2022-03-21 00:00:00',0,846781),(15484373,'测试礼物18782638',106,6,0,'2022-03-21 00:00:00','2022-03-21 00:00:00',0,126154),(15499623,'测试礼物987122032',1128,4,0,'2022-03-21 00:00:00','2022-04-09 00:00:00',0,440918),(15516818,'测试礼物470147942',836,8,0,'2022-03-21 00:00:00','2022-03-21 00:00:00',0,366230),(15588329,'测试礼物1388593386',883,8,0,'2022-03-21 00:00:00','2022-03-21 00:00:00',0,126154),(15592111,'测试礼物1221121694',255,9,0,'2022-03-21 00:00:00','2022-03-21 00:00:00',0,550207),(15614813,'测试礼物874389582',1287,6,0,'2022-03-21 00:00:00','2022-03-21 00:00:00',0,846781),(15623266,'测试礼物1174713828',1298,4,0,'2022-03-21 00:00:00','2022-03-21 00:00:00',0,440918),(15691904,'测试礼物973258328',1270,7,0,'2022-03-21 00:00:00','2022-03-21 00:00:00',0,756906),(15696537,'测试礼物1321784063',2250,0,0,'2022-03-21 00:00:00','2022-03-21 00:00:00',0,756906),(15715463,'测试礼物772514812',305,6,0,'2022-03-21 00:00:00','2022-03-24 00:00:00',0,526033),(15765406,'测试礼物142626445',1554,8,0,'2022-03-21 00:00:00','2022-03-21 00:00:00',0,440918),(15809182,'测试礼物55769493',772,2,0,'2022-03-21 00:00:00','2022-03-21 00:00:00',0,938431),(15844124,'测试礼物987822865',975,0,0,'2022-03-21 00:00:00','2022-03-21 00:00:00',0,550207),(15902387,'测试礼物170324376',1198,1,0,'2022-03-21 00:00:00','2022-03-21 00:00:00',0,756906),(15955544,'测试礼物632284514',1188,8,0,'2022-03-21 00:00:00','2022-03-24 00:00:00',0,440918),(15973653,'测试礼物1309322222',1537,1,0,'2022-03-21 00:00:00','2022-03-21 00:00:00',0,756906),(16000295,'测试礼物1009972290',877,4,0,'2022-03-21 00:00:00','2022-03-24 00:00:00',0,938431),(16010172,'测试礼物96090645',897,9,0,'2022-03-21 00:00:00','2022-03-24 00:00:00',0,126154),(16054851,'测试礼物980165511',1827,7,0,'2022-03-21 00:00:00','2022-03-21 00:00:00',0,846781),(16055576,'测试礼物279932880',2156,9,0,'2022-03-21 00:00:00','2022-04-09 00:00:00',0,550207),(16066872,'测试礼物406524048',2179,6,0,'2022-03-21 00:00:00','2022-03-24 00:00:00',0,846781),(16072293,'测试礼物851011561',1658,0,0,'2022-03-21 00:00:00','2022-04-09 00:00:00',0,440918),(16079468,'测试礼物1421394264',679,3,0,'2022-03-21 00:00:00','2022-03-21 00:00:00',0,440918),(16107331,'测试礼物610359453',2257,8,0,'2022-03-21 00:00:00','2022-04-09 00:00:00',0,526033),(16108334,'测试礼物448901578',471,2,0,'2022-03-21 00:00:00','2022-03-21 00:00:00',0,938431),(16114331,'测试礼物1117855647',192,5,0,'2022-03-21 00:00:00','2022-04-09 00:00:00',0,526033),(16211204,'测试礼物39267056',490,1,0,'2022-03-21 00:00:00','2022-03-21 00:00:00',0,126154),(16226546,'测试礼物949371162',1394,1,0,'2022-03-21 00:00:00','2022-03-21 00:00:00',0,440918),(16231231,'测试礼物661876170',790,0,0,'2022-03-21 00:00:00','2022-04-09 00:00:00',0,550207),(16272448,'测试礼物1118382707',784,7,0,'2022-03-21 00:00:00','2022-03-21 00:00:00',0,526033),(16306652,'测试礼物1336137880',931,9,0,'2022-03-21 00:00:00','2022-03-21 00:00:00',0,550207),(16345659,'测试礼物30588844',2166,0,0,'2022-03-21 00:00:00','2022-03-21 00:00:00',0,526033),(16349667,'测试礼物114752141',2042,8,0,'2022-03-21 00:00:00','2022-03-21 00:00:00',0,550207),(16449583,'测试礼物307442018',672,8,0,'2022-03-21 00:00:00','2022-03-21 00:00:00',0,366230),(16455724,'测试礼物1141043696',1993,5,0,'2022-03-21 00:00:00','2022-03-24 00:00:00',0,526033),(16482850,'测试礼物1009481815',2086,0,0,'2022-03-21 00:00:00','2022-03-21 00:00:00',0,669190),(16490768,'测试礼物521552999',20,9,0,'2022-03-21 00:00:00','2022-03-21 00:00:00',0,126154),(16519228,'测试礼物826893921',238,2,0,'2022-03-21 00:00:00','2022-04-09 00:00:00',0,938431),(16531955,'测试礼物926695703',991,4,0,'2022-03-21 00:00:00','2022-03-21 00:00:00',0,440918),(16557285,'测试礼物1414812486',1609,2,0,'2022-03-21 00:00:00','2022-03-21 00:00:00',0,526033),(16586668,'测试礼物1196139748',475,3,0,'2022-03-21 00:00:00','2022-04-09 00:00:00',0,126154),(16588514,'测试礼物62279458',1121,7,0,'2022-03-21 00:00:00','2022-03-24 00:00:00',0,526033),(16589018,'测试礼物912858744',2015,1,0,'2022-03-21 00:00:00','2022-03-24 00:00:00',0,526033),(16636983,'测试礼物410467642',1365,2,0,'2022-03-21 00:00:00','2022-04-09 00:00:00',0,440918),(16641283,'测试礼物681925077',2226,7,0,'2022-03-21 00:00:00','2022-03-24 00:00:00',0,154377),(16641468,'测试礼物430257082',948,2,0,'2022-03-21 00:00:00','2022-03-21 00:00:00',0,846781),(16679807,'测试礼物334486523',515,4,0,'2022-03-21 00:00:00','2022-03-24 00:00:00',0,440918),(16688917,'测试礼物209972892',1597,3,0,'2022-03-21 00:00:00','2022-03-21 00:00:00',0,756906),(16704947,'测试礼物1102060309',45,5,0,'2022-03-21 00:00:00','2022-04-09 00:00:00',0,526033),(16713123,'测试礼物313384571',2284,7,0,'2022-03-21 00:00:00','2022-03-24 00:00:00',0,440918),(16722069,'测试礼物1334879689',1542,4,0,'2022-03-21 00:00:00','2022-03-24 00:00:00',0,669190),(16741903,'测试礼物1126890683',1051,0,0,'2022-03-21 00:00:00','2022-03-24 00:00:00',0,366230),(16760290,'测试礼物1418656550',725,9,0,'2022-03-21 00:00:00','2022-03-21 00:00:00',0,154377),(16787218,'测试礼物1424203582',438,2,0,'2022-03-21 00:00:00','2022-03-21 00:00:00',0,526033),(16818784,'测试礼物1039283499',739,4,0,'2022-03-21 00:00:00','2022-03-21 00:00:00',0,756906),(16824546,'测试礼物1337642746',839,3,0,'2022-03-21 00:00:00','2022-03-21 00:00:00',0,366230),(16833569,'测试礼物276527686',1873,8,0,'2022-03-21 00:00:00','2022-03-21 00:00:00',0,756906),(16845566,'测试礼物790020083',1505,3,0,'2022-03-21 00:00:00','2022-03-21 00:00:00',0,154377),(16903227,'测试礼物102269183',1267,2,0,'2022-03-21 00:00:00','2022-03-21 00:00:00',0,366230),(16910044,'测试礼物1335336653',1521,1,0,'2022-03-21 00:00:00','2022-03-24 00:00:00',0,756906),(16933384,'测试礼物1250978432',1519,9,0,'2022-03-21 00:00:00','2022-04-09 00:00:00',0,154377),(16996862,'测试礼物1285223301',2014,7,0,'2022-03-21 00:00:00','2022-03-24 00:00:00',0,126154),(16997557,'测试礼物1392819815',2068,7,0,'2022-03-21 00:00:00','2022-04-09 00:00:00',0,756906),(16997757,'测试礼物793090086',1537,6,0,'2022-03-21 00:00:00','2022-03-21 00:00:00',0,126154),(17003747,'测试礼物753724200',1953,1,0,'2022-03-21 00:00:00','2022-03-24 00:00:00',0,440918),(17014660,'测试礼物161585124',2020,4,0,'2022-03-21 00:00:00','2022-03-21 00:00:00',0,154377),(17014983,'测试礼物4461062',506,8,0,'2022-03-21 00:00:00','2022-03-21 00:00:00',0,154377),(17040541,'测试礼物1303456599',1241,2,0,'2022-03-21 00:00:00','2022-04-09 00:00:00',0,550207),(17044553,'测试礼物1335765000',1590,6,0,'2022-03-21 00:00:00','2022-03-24 00:00:00',0,550207),(17047890,'测试礼物965678249',1898,0,0,'2022-03-21 00:00:00','2022-03-21 00:00:00',0,440918),(17048201,'测试礼物280623255',882,2,0,'2022-03-21 00:00:00','2022-03-21 00:00:00',0,938431),(17085288,'测试礼物272856973',797,8,0,'2022-03-21 00:00:00','2022-03-21 00:00:00',0,440918),(17101209,'测试礼物1117018142',2238,2,0,'2022-03-21 00:00:00','2022-03-21 00:00:00',0,846781),(17118944,'测试礼物415384684',2210,3,0,'2022-03-21 00:00:00','2022-03-21 00:00:00',0,440918),(17124895,'测试礼物857916975',552,6,0,'2022-03-21 00:00:00','2022-03-24 00:00:00',0,366230),(17136837,'测试礼物701207417',1709,5,0,'2022-03-21 00:00:00','2022-03-21 00:00:00',0,126154),(17212086,'测试礼物87508882',380,2,0,'2022-03-21 00:00:00','2022-03-21 00:00:00',0,550207),(17231281,'测试礼物843188272',1272,0,0,'2022-03-21 00:00:00','2022-04-09 00:00:00',0,938431),(17252288,'测试礼物1323490316',1320,9,0,'2022-03-21 00:00:00','2022-04-09 00:00:00',0,669190),(17269671,'测试礼物33500764',1722,4,0,'2022-03-21 00:00:00','2022-03-21 00:00:00',0,550207),(17307455,'测试礼物141512622',363,5,0,'2022-03-21 00:00:00','2022-03-21 00:00:00',0,669190),(17325803,'测试礼物1236249580',1770,5,0,'2022-03-21 00:00:00','2022-03-21 00:00:00',0,154377),(17329249,'测试礼物169509186',1688,7,0,'2022-03-21 00:00:00','2022-03-21 00:00:00',0,154377),(17346569,'测试礼物1239902070',832,8,0,'2022-03-21 00:00:00','2022-03-21 00:00:00',0,938431),(17352369,'测试礼物1155657006',2208,4,0,'2022-03-21 00:00:00','2022-03-21 00:00:00',0,126154),(17355764,'测试礼物453003108',1449,6,0,'2022-03-21 00:00:00','2022-03-21 00:00:00',0,846781),(17356220,'测试礼物432938989',2071,4,0,'2022-03-21 00:00:00','2022-03-21 00:00:00',0,938431),(17367689,'测试礼物503721353',1410,6,0,'2022-03-21 00:00:00','2022-04-09 00:00:00',0,526033),(17369994,'测试礼物141026425',42,3,0,'2022-03-21 00:00:00','2022-03-24 00:00:00',0,154377),(17378047,'测试礼物852795585',552,4,0,'2022-03-21 00:00:00','2022-03-21 00:00:00',0,126154),(17400319,'测试礼物566827560',1915,0,0,'2022-03-21 00:00:00','2022-04-09 00:00:00',0,550207),(17403145,'测试礼物1221797534',241,1,0,'2022-03-21 00:00:00','2022-03-24 00:00:00',0,526033),(17436768,'测试礼物457042194',1081,7,0,'2022-03-21 00:00:00','2022-04-09 00:00:00',0,366230),(17457999,'测试礼物951679364',535,5,0,'2022-03-21 00:00:00','2022-04-09 00:00:00',0,154377),(17491217,'测试礼物1364314014',2121,2,0,'2022-03-21 00:00:00','2022-03-21 00:00:00',0,126154),(17496837,'测试礼物247091209',380,0,0,'2022-03-21 00:00:00','2022-03-24 00:00:00',0,366230),(17531385,'测试礼物1337666147',936,7,0,'2022-03-21 00:00:00','2022-03-24 00:00:00',0,669190),(17554221,'测试礼物363919191',2015,6,0,'2022-03-21 00:00:00','2022-04-09 00:00:00',0,526033),(17598585,'测试礼物161020098',1457,1,0,'2022-03-21 00:00:00','2022-03-24 00:00:00',0,846781),(17609268,'测试礼物628031138',2155,5,0,'2022-03-21 00:00:00','2022-04-09 00:00:00',0,526033),(17660339,'测试礼物454068684',1158,0,0,'2022-03-21 00:00:00','2022-03-21 00:00:00',0,938431),(17678004,'测试礼物171085849',1234,1,0,'2022-03-21 00:00:00','2022-03-21 00:00:00',0,846781),(17754152,'测试礼物1213502931',1753,8,0,'2022-03-21 00:00:00','2022-03-24 00:00:00',0,938431),(17785851,'测试礼物349831286',1726,2,0,'2022-03-21 00:00:00','2022-04-09 00:00:00',0,440918),(17798740,'测试礼物1363897050',1979,8,0,'2022-03-21 00:00:00','2022-03-21 00:00:00',0,440918),(17807639,'测试礼物47759701',1323,4,0,'2022-03-21 00:00:00','2022-03-21 00:00:00',0,366230),(17858728,'测试礼物993762575',671,2,0,'2022-03-21 00:00:00','2022-03-21 00:00:00',0,154377),(17892263,'测试礼物541640653',1830,0,0,'2022-03-21 00:00:00','2022-03-21 00:00:00',0,366230),(17899910,'测试礼物523471416',874,2,0,'2022-03-21 00:00:00','2022-03-21 00:00:00',0,938431),(17908242,'测试礼物705897080',1585,0,0,'2022-03-21 00:00:00','2022-03-24 00:00:00',0,938431),(17952042,'测试礼物1391093844',1500,4,0,'2022-03-21 00:00:00','2022-03-21 00:00:00',0,154377),(18000064,'测试礼物531059056',2297,4,0,'2022-03-21 00:00:00','2022-04-09 00:00:00',0,938431),(18030880,'测试礼物626519150',512,6,0,'2022-03-21 00:00:00','2022-03-21 00:00:00',0,366230),(18038547,'测试礼物610865771',624,6,0,'2022-03-21 00:00:00','2022-03-21 00:00:00',0,126154),(18060394,'测试礼物930187743',1973,2,0,'2022-03-21 00:00:00','2022-03-21 00:00:00',0,366230),(18061954,'测试礼物523714788',1282,7,0,'2022-03-21 00:00:00','2022-03-21 00:00:00',0,154377),(18073734,'测试礼物1288591980',1546,2,0,'2022-03-21 00:00:00','2022-03-21 00:00:00',0,526033),(18076878,'测试礼物617020001',1070,0,0,'2022-03-21 00:00:00','2022-03-21 00:00:00',0,526033),(18077453,'测试礼物242099325',1031,2,0,'2022-03-21 00:00:00','2022-03-21 00:00:00',0,154377),(18122632,'测试礼物1286009167',183,4,0,'2022-03-21 00:00:00','2022-03-24 00:00:00',0,938431),(18124750,'测试礼物91680619',975,7,0,'2022-03-21 00:00:00','2022-03-21 00:00:00',0,126154),(18131039,'测试礼物143341135',2103,9,0,'2022-03-21 00:00:00','2022-04-09 00:00:00',0,154377),(18134543,'测试礼物121925747',1237,3,0,'2022-03-21 00:00:00','2022-03-21 00:00:00',0,526033),(18143448,'测试礼物900820342',1592,1,0,'2022-03-21 00:00:00','2022-03-21 00:00:00',0,440918),(18144045,'测试礼物1238135160',96,6,0,'2022-03-21 00:00:00','2022-04-09 00:00:00',0,440918),(18180650,'测试礼物920059991',776,4,0,'2022-03-21 00:00:00','2022-04-09 00:00:00',0,669190),(18209587,'测试礼物704397971',704,5,0,'2022-03-21 00:00:00','2022-03-21 00:00:00',0,154377),(18235515,'测试礼物762977183',696,2,0,'2022-03-21 00:00:00','2022-03-21 00:00:00',0,126154),(18239164,'测试礼物1184754103',1286,3,0,'2022-03-21 00:00:00','2022-03-21 00:00:00',0,526033),(18253875,'测试礼物260000518',2281,7,0,'2022-03-21 00:00:00','2022-03-21 00:00:00',0,846781),(18349908,'测试礼物445418171',2252,7,0,'2022-03-21 00:00:00','2022-04-09 00:00:00',0,440918),(18351603,'测试礼物47393987',1815,0,0,'2022-03-21 00:00:00','2022-03-24 00:00:00',0,756906),(18361562,'测试礼物1346293886',84,6,0,'2022-03-21 00:00:00','2022-03-21 00:00:00',0,846781),(18375104,'测试礼物351422162',303,3,0,'2022-03-21 00:00:00','2022-03-21 00:00:00',0,550207),(18408300,'测试礼物987816698',1,7,0,'2022-03-21 00:00:00','2022-03-21 00:00:00',0,366230),(18416789,'测试礼物1368248788',522,6,0,'2022-03-21 00:00:00','2022-03-21 00:00:00',0,526033),(18425813,'测试礼物658133502',850,8,0,'2022-03-21 00:00:00','2022-03-21 00:00:00',0,938431),(18429268,'测试礼物703672195',1574,5,0,'2022-03-21 00:00:00','2022-03-21 00:00:00',0,550207),(18479223,'测试礼物636468564',1767,4,0,'2022-03-21 00:00:00','2022-03-24 00:00:00',0,550207),(18482745,'测试礼物1206614160',374,2,0,'2022-03-21 00:00:00','2022-03-21 00:00:00',0,846781),(18482994,'测试礼物1112321515',360,1,0,'2022-03-21 00:00:00','2022-03-24 00:00:00',0,440918),(18523186,'测试礼物588492162',387,0,0,'2022-03-21 00:00:00','2022-03-21 00:00:00',0,756906),(18577365,'测试礼物531930089',1019,5,0,'2022-03-21 00:00:00','2022-03-21 00:00:00',0,366230),(18598710,'测试礼物758423558',1157,3,0,'2022-03-21 00:00:00','2022-04-09 00:00:00',0,526033),(18626853,'测试礼物1280382882',1295,3,0,'2022-03-21 00:00:00','2022-03-21 00:00:00',0,366230),(18666602,'测试礼物313432799',1196,1,0,'2022-03-21 00:00:00','2022-03-21 00:00:00',0,550207),(18667248,'测试礼物715860581',2278,0,0,'2022-03-21 00:00:00','2022-03-21 00:00:00',0,756906),(18686011,'测试礼物976711080',2238,1,0,'2022-03-21 00:00:00','2022-03-21 00:00:00',0,154377),(18723909,'测试礼物1286210052',1133,5,0,'2022-03-21 00:00:00','2022-03-24 00:00:00',0,526033),(18726866,'测试礼物381978417',2256,5,0,'2022-03-21 00:00:00','2022-03-21 00:00:00',0,669190),(18774920,'测试礼物542418180',1537,5,0,'2022-03-21 00:00:00','2022-03-21 00:00:00',0,126154),(18795655,'测试礼物1281405423',142,1,0,'2022-03-21 00:00:00','2022-04-09 00:00:00',0,126154),(18816171,'测试礼物634171641',2150,8,0,'2022-03-21 00:00:00','2022-03-24 00:00:00',0,366230),(18821280,'测试礼物226601827',1128,6,0,'2022-03-21 00:00:00','2022-04-09 00:00:00',0,126154),(18825949,'测试礼物514764735',1256,5,0,'2022-03-21 00:00:00','2022-04-09 00:00:00',0,126154),(18837833,'测试礼物749283317',1707,0,0,'2022-03-21 00:00:00','2022-03-21 00:00:00',0,154377),(18966192,'测试礼物1175813565',2103,5,0,'2022-03-21 00:00:00','2022-03-21 00:00:00',0,154377),(18998200,'测试礼物569058017',1133,4,0,'2022-03-21 00:00:00','2022-03-24 00:00:00',0,846781),(19001372,'测试礼物350518600',325,8,0,'2022-03-21 00:00:00','2022-03-21 00:00:00',0,126154),(19011374,'测试礼物47464737',857,7,0,'2022-03-21 00:00:00','2022-04-09 00:00:00',0,938431),(19028012,'测试礼物1095384237',1426,1,0,'2022-03-21 00:00:00','2022-03-21 00:00:00',0,669190),(19047076,'测试礼物956467521',378,0,0,'2022-03-21 00:00:00','2022-03-21 00:00:00',0,938431),(19051021,'测试礼物68968637',253,0,0,'2022-03-21 00:00:00','2022-03-21 00:00:00',0,440918),(19084044,'测试礼物1116501599',1741,6,0,'2022-03-21 00:00:00','2022-03-21 00:00:00',0,846781),(19148443,'测试礼物1200451905',476,6,0,'2022-03-21 00:00:00','2022-03-21 00:00:00',0,440918),(19200296,'测试礼物679125085',1958,5,0,'2022-03-21 00:00:00','2022-03-24 00:00:00',0,440918),(19223158,'测试礼物122551720',1162,5,0,'2022-03-21 00:00:00','2022-03-21 00:00:00',0,669190),(19265753,'测试礼物442863806',1130,2,0,'2022-03-21 00:00:00','2022-03-21 00:00:00',0,154377),(19313082,'测试礼物928184326',161,7,0,'2022-03-21 00:00:00','2022-03-21 00:00:00',0,154377),(19389488,'测试礼物1052035199',1674,1,0,'2022-03-21 00:00:00','2022-04-09 00:00:00',0,126154),(19435394,'测试礼物460502697',513,2,0,'2022-03-21 00:00:00','2022-03-24 00:00:00',0,126154),(19456574,'测试礼物36624611',1129,8,0,'2022-03-21 00:00:00','2022-04-09 00:00:00',0,526033),(19457491,'测试礼物925397204',1003,3,0,'2022-03-21 00:00:00','2022-03-24 00:00:00',0,846781),(19472207,'测试礼物1068013445',768,6,0,'2022-03-21 00:00:00','2022-03-24 00:00:00',0,669190),(19476490,'测试礼物530785615',133,0,0,'2022-03-21 00:00:00','2022-03-21 00:00:00',0,846781),(19480172,'测试礼物350338061',63,7,0,'2022-03-21 00:00:00','2022-03-21 00:00:00',0,846781),(19550583,'测试礼物535198047',831,8,0,'2022-03-21 00:00:00','2022-03-21 00:00:00',0,550207),(19601690,'测试礼物832766940',358,5,0,'2022-03-21 00:00:00','2022-04-09 00:00:00',0,526033),(19626889,'测试礼物486001597',1791,7,0,'2022-03-21 00:00:00','2022-04-09 00:00:00',0,669190),(19641632,'测试礼物91289906',971,1,0,'2022-03-21 00:00:00','2022-04-09 00:00:00',0,440918),(19644924,'测试礼物859150671',352,2,0,'2022-03-21 00:00:00','2022-03-21 00:00:00',0,669190),(19721610,'测试礼物915595258',1704,2,0,'2022-03-21 00:00:00','2022-03-21 00:00:00',0,126154),(19729018,'测试礼物195801500',1934,6,0,'2022-03-21 00:00:00','2022-03-21 00:00:00',0,846781),(19735169,'测试礼物395374210',532,2,0,'2022-03-21 00:00:00','2022-03-21 00:00:00',0,938431),(19802874,'测试礼物584395087',1700,8,0,'2022-03-21 00:00:00','2022-03-21 00:00:00',0,938431),(19812840,'测试礼物1187386277',217,0,0,'2022-03-21 00:00:00','2022-04-09 00:00:00',0,756906),(19825883,'测试礼物805310000',1956,4,0,'2022-03-21 00:00:00','2022-03-24 00:00:00',0,938431),(19867799,'测试礼物1124777748',1331,6,0,'2022-03-21 00:00:00','2022-04-09 00:00:00',0,550207),(19886990,'测试礼物526917027',1358,8,0,'2022-03-21 00:00:00','2022-04-09 00:00:00',0,550207),(19890401,'测试礼物834109065',1119,6,0,'2022-03-21 00:00:00','2022-03-24 00:00:00',0,526033),(19909881,'测试礼物1305131091',1055,3,0,'2022-03-21 00:00:00','2022-03-21 00:00:00',0,440918),(19942194,'测试礼物586206418',247,5,0,'2022-03-21 00:00:00','2022-03-21 00:00:00',0,154377),(19958816,'测试礼物552947412',585,1,0,'2022-03-21 00:00:00','2022-03-21 00:00:00',0,366230),(20068266,'测试礼物1240115161',997,3,0,'2022-03-21 00:00:00','2022-03-21 00:00:00',0,846781),(20081961,'测试礼物686155387',1115,3,0,'2022-03-21 00:00:00','2022-03-24 00:00:00',0,756906),(20108963,'测试礼物1089474961',635,3,0,'2022-03-21 00:00:00','2022-03-21 00:00:00',0,938431),(20186584,'测试礼物145631697',1461,3,0,'2022-03-21 00:00:00','2022-03-21 00:00:00',0,126154),(20187435,'测试礼物37269006',798,6,0,'2022-03-21 00:00:00','2022-04-09 00:00:00',0,526033),(20191813,'测试礼物833998291',2030,2,0,'2022-03-21 00:00:00','2022-03-21 00:00:00',0,938431),(20196672,'测试礼物89126957',699,1,0,'2022-03-21 00:00:00','2022-04-09 00:00:00',0,154377),(20208470,'测试礼物727144311',1765,0,0,'2022-03-21 00:00:00','2022-03-21 00:00:00',0,550207),(20218979,'测试礼物285701539',2064,6,0,'2022-03-21 00:00:00','2022-04-09 00:00:00',0,846781),(20252864,'测试礼物514296605',1405,5,0,'2022-03-21 00:00:00','2022-03-24 00:00:00',0,154377),(20255125,'测试礼物469209498',232,8,0,'2022-03-21 00:00:00','2022-04-09 00:00:00',0,756906),(20260609,'测试礼物1245098082',1636,1,0,'2022-03-21 00:00:00','2022-03-21 00:00:00',0,550207),(20260622,'测试礼物1080911527',2047,2,0,'2022-03-21 00:00:00','2022-03-21 00:00:00',0,756906),(20273994,'测试礼物1357212036',1221,6,0,'2022-03-21 00:00:00','2022-03-21 00:00:00',0,126154),(20283502,'测试礼物437494110',1808,5,0,'2022-03-21 00:00:00','2022-03-24 00:00:00',0,440918),(20302305,'测试礼物180879832',815,8,0,'2022-03-21 00:00:00','2022-04-09 00:00:00',0,669190),(20307319,'测试礼物978469179',363,5,0,'2022-03-21 00:00:00','2022-03-21 00:00:00',0,756906),(20335986,'测试礼物819186538',682,4,0,'2022-03-21 00:00:00','2022-03-24 00:00:00',0,550207),(20342895,'测试礼物1073287479',723,7,0,'2022-03-21 00:00:00','2022-03-21 00:00:00',0,154377),(20349421,'测试礼物507581569',501,0,0,'2022-03-21 00:00:00','2022-04-09 00:00:00',0,846781),(20411246,'测试礼物1385350722',297,1,0,'2022-03-21 00:00:00','2022-04-09 00:00:00',0,126154),(20425188,'测试礼物128197835',356,6,0,'2022-03-21 00:00:00','2022-03-21 00:00:00',0,126154),(20428908,'测试礼物979943219',1807,6,0,'2022-03-21 00:00:00','2022-03-21 00:00:00',0,154377),(20441533,'测试礼物87730455',200,5,0,'2022-03-21 00:00:00','2022-03-21 00:00:00',0,669190),(20463523,'测试礼物983874655',971,2,0,'2022-03-21 00:00:00','2022-03-24 00:00:00',0,440918),(20467149,'测试礼物525446287',668,5,0,'2022-03-21 00:00:00','2022-03-24 00:00:00',0,756906),(20485574,'测试礼物1376406801',1199,2,0,'2022-03-21 00:00:00','2022-04-09 00:00:00',0,756906),(20498955,'测试礼物31056955',887,9,0,'2022-03-21 00:00:00','2022-04-09 00:00:00',0,126154),(20513569,'测试礼物510670488',1497,6,0,'2022-03-21 00:00:00','2022-03-24 00:00:00',0,550207),(20538774,'测试礼物1027210590',2231,1,0,'2022-03-21 00:00:00','2022-03-21 00:00:00',0,550207),(20557370,'测试礼物366401018',1870,5,0,'2022-03-21 00:00:00','2022-03-21 00:00:00',0,366230),(20559699,'测试礼物453953432',1203,7,0,'2022-03-21 00:00:00','2022-04-09 00:00:00',0,440918),(20588424,'测试礼物1136074162',1999,0,0,'2022-03-21 00:00:00','2022-03-21 00:00:00',0,846781),(20601763,'测试礼物1145620888',280,6,0,'2022-03-21 00:00:00','2022-03-21 00:00:00',0,550207),(20605448,'测试礼物1045226163',1275,6,0,'2022-03-21 00:00:00','2022-03-21 00:00:00',0,440918),(20620911,'测试礼物998898238',803,4,0,'2022-03-21 00:00:00','2022-03-21 00:00:00',0,669190),(20631299,'测试礼物328562037',1433,6,0,'2022-03-21 00:00:00','2022-03-24 00:00:00',0,756906),(20668593,'测试礼物456434091',292,0,0,'2022-03-21 00:00:00','2022-03-21 00:00:00',0,550207),(20714424,'测试礼物237955525',1452,0,0,'2022-03-21 00:00:00','2022-04-09 00:00:00',0,550207),(20729499,'测试礼物679775408',918,2,0,'2022-03-21 00:00:00','2022-03-21 00:00:00',0,938431),(20736767,'测试礼物16780710',37,1,0,'2022-03-21 00:00:00','2022-03-21 00:00:00',0,440918),(20776807,'测试礼物911567666',1124,9,0,'2022-03-21 00:00:00','2022-03-24 00:00:00',0,126154),(20777617,'测试礼物1387596853',1203,6,0,'2022-03-21 00:00:00','2022-04-09 00:00:00',0,526033),(20790882,'测试礼物1005685347',1173,5,0,'2022-03-21 00:00:00','2022-03-21 00:00:00',0,938431),(20795767,'测试礼物316795450',493,9,0,'2022-03-21 00:00:00','2022-04-09 00:00:00',0,846781),(20823188,'测试礼物1069794011',489,4,0,'2022-03-21 00:00:00','2022-03-21 00:00:00',0,938431),(20824463,'测试礼物852292208',2125,0,0,'2022-03-21 00:00:00','2022-04-09 00:00:00',0,154377),(20836333,'测试礼物95595706',1879,3,0,'2022-03-21 00:00:00','2022-03-21 00:00:00',0,526033),(20845419,'测试礼物1021449108',1663,2,0,'2022-03-21 00:00:00','2022-03-21 00:00:00',0,440918),(20862396,'测试礼物25014351',1108,7,0,'2022-03-21 00:00:00','2022-03-21 00:00:00',0,846781),(20886956,'测试礼物1281115644',896,2,0,'2022-03-21 00:00:00','2022-04-09 00:00:00',0,126154),(20927666,'测试礼物62988883',57,3,0,'2022-03-21 00:00:00','2022-03-21 00:00:00',0,154377),(20941805,'测试礼物1064476380',235,6,0,'2022-03-21 00:00:00','2022-04-09 00:00:00',0,126154),(20942510,'测试礼物633240666',289,2,0,'2022-03-21 00:00:00','2022-03-21 00:00:00',0,526033),(20975213,'测试礼物540717060',1806,1,0,'2022-03-21 00:00:00','2022-03-21 00:00:00',0,756906),(20976368,'测试礼物630267182',871,6,0,'2022-03-21 00:00:00','2022-03-24 00:00:00',0,526033),(20976861,'测试礼物372812592',2217,8,0,'2022-03-21 00:00:00','2022-04-09 00:00:00',0,440918),(20989383,'测试礼物159503525',963,7,0,'2022-03-21 00:00:00','2022-04-09 00:00:00',0,550207),(20994159,'测试礼物1265235383',1769,9,0,'2022-03-21 00:00:00','2022-03-21 00:00:00',0,526033),(21029377,'测试礼物1296830272',819,9,0,'2022-03-21 00:00:00','2022-03-21 00:00:00',0,938431),(21109475,'测试礼物153024644',2132,0,0,'2022-03-21 00:00:00','2022-03-21 00:00:00',0,126154),(21153014,'测试礼物484394082',725,5,0,'2022-03-21 00:00:00','2022-03-21 00:00:00',0,526033),(21173587,'测试礼物443811684',1272,2,0,'2022-03-21 00:00:00','2022-03-24 00:00:00',0,756906),(21193504,'测试礼物201232285',685,5,0,'2022-03-21 00:00:00','2022-03-21 00:00:00',0,526033),(21208744,'测试礼物1222913012',1749,8,0,'2022-03-21 00:00:00','2022-03-21 00:00:00',0,550207),(21213789,'测试礼物44076515',243,7,0,'2022-03-21 00:00:00','2022-03-21 00:00:00',0,366230),(21218537,'测试礼物1057631124',2103,4,0,'2022-03-21 00:00:00','2022-03-21 00:00:00',0,440918),(21220608,'测试礼物1092172021',1511,2,0,'2022-03-21 00:00:00','2022-03-21 00:00:00',0,126154),(21265430,'测试礼物663328486',1389,4,0,'2022-03-21 00:00:00','2022-03-24 00:00:00',0,366230),(21272473,'测试礼物1065197718',423,0,0,'2022-03-21 00:00:00','2022-03-21 00:00:00',0,669190),(21281022,'测试礼物1390074710',628,3,0,'2022-03-21 00:00:00','2022-03-21 00:00:00',0,550207),(21285786,'测试礼物1383315915',2035,2,0,'2022-03-21 00:00:00','2022-03-21 00:00:00',0,550207),(21302365,'测试礼物254926627',1330,7,0,'2022-03-21 00:00:00','2022-03-21 00:00:00',0,756906),(21427513,'测试礼物733741163',1806,7,0,'2022-03-21 00:00:00','2022-03-21 00:00:00',0,526033),(21439498,'测试礼物866461538',238,4,0,'2022-03-21 00:00:00','2022-03-21 00:00:00',0,846781),(21442819,'测试礼物55410535',703,2,0,'2022-03-21 00:00:00','2022-03-21 00:00:00',0,366230),(21452471,'测试礼物178057558',1453,9,0,'2022-03-21 00:00:00','2022-03-21 00:00:00',0,846781),(21496298,'测试礼物517613834',761,7,0,'2022-03-21 00:00:00','2022-03-21 00:00:00',0,756906),(21530005,'测试礼物1192758955',1898,4,0,'2022-03-21 00:00:00','2022-03-21 00:00:00',0,756906),(21552919,'测试礼物1080313425',2322,6,0,'2022-03-21 00:00:00','2022-03-21 00:00:00',0,938431),(21567617,'测试礼物1064529425',2197,8,0,'2022-03-21 00:00:00','2022-03-21 00:00:00',0,669190),(21601127,'测试礼物1177412017',1304,6,0,'2022-03-21 00:00:00','2022-03-21 00:00:00',0,846781),(21606070,'测试礼物1115792523',2028,4,0,'2022-03-21 00:00:00','2022-03-21 00:00:00',0,550207),(21619322,'测试礼物1047481345',2321,8,0,'2022-03-21 00:00:00','2022-04-09 00:00:00',0,938431),(21631233,'测试礼物1092138845',704,7,0,'2022-03-21 00:00:00','2022-04-09 00:00:00',0,366230),(21649600,'测试礼物883881300',1852,2,0,'2022-03-21 00:00:00','2022-03-21 00:00:00',0,669190),(21652734,'测试礼物1313924246',1946,1,0,'2022-03-21 00:00:00','2022-04-09 00:00:00',0,526033),(21653973,'测试礼物581889986',1173,8,0,'2022-03-21 00:00:00','2022-03-21 00:00:00',0,756906),(21655686,'测试礼物233299378',420,1,0,'2022-03-21 00:00:00','2022-03-21 00:00:00',0,550207),(21690564,'测试礼物1089438956',237,4,0,'2022-03-21 00:00:00','2022-03-24 00:00:00',0,846781),(21732674,'测试礼物248457859',1344,1,0,'2022-03-21 00:00:00','2022-03-21 00:00:00',0,154377),(21805773,'测试礼物223694713',180,6,0,'2022-03-21 00:00:00','2022-04-09 00:00:00',0,846781),(21834289,'测试礼物838082451',198,7,0,'2022-03-21 00:00:00','2022-04-09 00:00:00',0,550207),(21863023,'测试礼物1105176384',1020,4,0,'2022-03-21 00:00:00','2022-03-21 00:00:00',0,550207),(21868809,'测试礼物651595073',1507,1,0,'2022-03-21 00:00:00','2022-03-24 00:00:00',0,669190),(21875196,'测试礼物1176695574',2017,0,0,'2022-03-21 00:00:00','2022-03-21 00:00:00',0,846781),(21880332,'测试礼物766783878',1187,1,0,'2022-03-21 00:00:00','2022-03-21 00:00:00',0,126154),(21932771,'测试礼物805760682',881,9,0,'2022-03-21 00:00:00','2022-04-09 00:00:00',0,154377),(21966262,'测试礼物488314771',1228,7,0,'2022-03-21 00:00:00','2022-03-21 00:00:00',0,756906),(21971263,'测试礼物597569256',2128,1,0,'2022-03-21 00:00:00','2022-04-09 00:00:00',0,366230),(22051198,'测试礼物296062061',686,2,0,'2022-03-21 00:00:00','2022-04-09 00:00:00',0,126154),(22051290,'测试礼物498716556',326,6,0,'2022-03-21 00:00:00','2022-03-21 00:00:00',0,366230),(22062653,'测试礼物141155282',1266,3,0,'2022-03-21 00:00:00','2022-03-21 00:00:00',0,938431),(22172721,'测试礼物124327061',1594,3,0,'2022-03-21 00:00:00','2022-03-21 00:00:00',0,526033),(22200529,'测试礼物864334267',1161,2,0,'2022-03-21 00:00:00','2022-03-21 00:00:00',0,154377),(22225601,'测试礼物531847597',1618,6,0,'2022-03-21 00:00:00','2022-03-21 00:00:00',0,154377),(22249015,'测试礼物512999471',1226,3,0,'2022-03-21 00:00:00','2022-03-21 00:00:00',0,154377),(22267219,'测试礼物563560848',843,3,0,'2022-03-21 00:00:00','2022-03-21 00:00:00',0,526033),(22280066,'测试礼物817456245',1755,0,0,'2022-03-21 00:00:00','2022-03-24 00:00:00',0,938431),(22299492,'测试礼物1174867889',1134,3,0,'2022-03-21 00:00:00','2022-04-09 00:00:00',0,846781),(22300742,'测试礼物940738772',1485,9,0,'2022-03-21 00:00:00','2022-03-24 00:00:00',0,846781),(22312002,'测试礼物288919395',721,2,0,'2022-03-21 00:00:00','2022-03-21 00:00:00',0,669190),(22357015,'测试礼物652353986',150,0,0,'2022-03-21 00:00:00','2022-03-21 00:00:00',0,756906),(22359777,'测试礼物893021534',470,4,0,'2022-03-21 00:00:00','2022-03-21 00:00:00',0,669190),(22367047,'测试礼物12135921',976,1,0,'2022-03-21 00:00:00','2022-03-24 00:00:00',0,440918),(22394277,'测试礼物490405802',859,4,0,'2022-03-21 00:00:00','2022-03-24 00:00:00',0,756906),(22402514,'测试礼物654426741',1527,5,0,'2022-03-21 00:00:00','2022-03-21 00:00:00',0,846781),(22416090,'测试礼物177964823',1420,5,0,'2022-03-21 00:00:00','2022-03-21 00:00:00',0,366230),(22462276,'测试礼物455098380',116,5,0,'2022-03-21 00:00:00','2022-04-09 00:00:00',0,756906),(22500731,'测试礼物508737222',950,2,0,'2022-03-21 00:00:00','2022-03-21 00:00:00',0,526033),(22505020,'测试礼物900660266',1024,6,0,'2022-03-21 00:00:00','2022-03-21 00:00:00',0,526033),(22515171,'测试礼物270012363',321,2,0,'2022-03-21 00:00:00','2022-03-21 00:00:00',0,550207),(22528418,'测试礼物753508826',606,2,0,'2022-03-21 00:00:00','2022-03-21 00:00:00',0,938431),(22613779,'测试礼物200929365',100,0,0,'2022-03-21 00:00:00','2022-03-21 00:00:00',0,440918),(22627761,'测试礼物1186379757',1786,4,0,'2022-03-21 00:00:00','2022-03-24 00:00:00',0,526033),(22651679,'测试礼物1163043822',507,6,0,'2022-03-21 00:00:00','2022-04-09 00:00:00',0,526033),(22702795,'测试礼物1236600268',1584,1,0,'2022-03-21 00:00:00','2022-03-21 00:00:00',0,154377),(22727055,'测试礼物1182783339',723,9,0,'2022-03-21 00:00:00','2022-04-09 00:00:00',0,154377),(22746550,'测试礼物112724546',1308,3,0,'2022-03-21 00:00:00','2022-03-21 00:00:00',0,669190),(22770193,'测试礼物467025073',1817,4,0,'2022-03-21 00:00:00','2022-03-24 00:00:00',0,526033),(22780009,'测试礼物89106375',1573,5,0,'2022-03-21 00:00:00','2022-04-09 00:00:00',0,938431),(22848455,'测试礼物1400241617',1765,9,0,'2022-03-21 00:00:00','2022-03-21 00:00:00',0,669190),(22858046,'测试礼物939029415',1756,6,0,'2022-03-21 00:00:00','2022-04-09 00:00:00',0,366230),(22870236,'测试礼物1135117314',1610,8,0,'2022-03-21 00:00:00','2022-03-21 00:00:00',0,756906),(22889377,'测试礼物444216987',262,1,0,'2022-03-21 00:00:00','2022-03-24 00:00:00',0,154377),(22930546,'测试礼物618738579',1763,9,0,'2022-03-21 00:00:00','2022-03-21 00:00:00',0,669190),(22941438,'测试礼物249233159',302,1,0,'2022-03-21 00:00:00','2022-04-09 00:00:00',0,756906),(22944091,'测试礼物715599356',752,1,0,'2022-03-21 00:00:00','2022-03-21 00:00:00',0,526033),(22971414,'测试礼物1120482470',1030,5,0,'2022-03-21 00:00:00','2022-03-21 00:00:00',0,938431),(22981724,'测试礼物639190474',446,6,0,'2022-03-21 00:00:00','2022-03-21 00:00:00',0,846781),(22983752,'测试礼物12375249',1675,4,0,'2022-03-21 00:00:00','2022-04-09 00:00:00',0,669190),(23001771,'测试礼物69953287',1522,8,0,'2022-03-21 00:00:00','2022-04-09 00:00:00',0,846781),(23085142,'测试礼物167204242',247,6,0,'2022-03-21 00:00:00','2022-03-21 00:00:00',0,154377),(23142111,'测试礼物886868146',1291,3,0,'2022-03-21 00:00:00','2022-03-21 00:00:00',0,756906),(23152294,'测试礼物551021476',2133,0,0,'2022-03-21 00:00:00','2022-04-09 00:00:00',0,846781),(23173981,'测试礼物1242907648',1082,0,0,'2022-03-21 00:00:00','2022-03-24 00:00:00',0,126154),(23184898,'测试礼物630302219',570,8,0,'2022-03-21 00:00:00','2022-03-21 00:00:00',0,526033),(23186713,'测试礼物43154674',999,1,0,'2022-03-21 00:00:00','2022-03-21 00:00:00',0,154377),(23215936,'测试礼物552672620',1717,1,0,'2022-03-21 00:00:00','2022-04-09 00:00:00',0,550207),(23224263,'测试礼物1273466772',1974,3,0,'2022-03-21 00:00:00','2022-03-21 00:00:00',0,938431),(23229880,'测试礼物130295649',928,5,0,'2022-03-21 00:00:00','2022-03-21 00:00:00',0,154377),(23242194,'测试礼物519854761',275,5,0,'2022-03-21 00:00:00','2022-03-21 00:00:00',0,846781),(23300052,'测试礼物101328175',1592,4,0,'2022-03-21 00:00:00','2022-03-21 00:00:00',0,154377),(23312868,'测试礼物32133153',1574,6,0,'2022-03-21 00:00:00','2022-03-21 00:00:00',0,154377),(23320308,'测试礼物922448323',412,9,0,'2022-03-21 00:00:00','2022-03-21 00:00:00',0,938431),(23331969,'测试礼物517229172',1807,8,0,'2022-03-21 00:00:00','2022-03-21 00:00:00',0,126154);
/*!40000 ALTER TABLE `seven_live_gift` ENABLE KEYS */;
UNLOCK TABLES;

--
-- Table structure for table `seven_log`
--

DROP TABLE IF EXISTS `seven_log`;
/*!40101 SET @saved_cs_client     = @@character_set_client */;
/*!50503 SET character_set_client = utf8mb4 */;
CREATE TABLE `seven_log` (
  `id` bigint NOT NULL DEFAULT '0',
  `type` int NOT NULL COMMENT '分布式事务日志类型，0—锁库存，1—扣减库存',
  `content` varchar(1000) NOT NULL COMMENT '日志内容',
  `status` int NOT NULL COMMENT '状态',
  `is_deleted` int NOT NULL COMMENT '逻辑删除',
  `gmt_create` datetime NOT NULL COMMENT '创建时间',
  `gmt_modified` datetime NOT NULL COMMENT '修改时间',
  `version` int NOT NULL DEFAULT '0' COMMENT '版本号',
  `uk` varchar(500) NOT NULL COMMENT '主键key，如果存在多个，则用“,”分割，能够唯一标识这条日志',
  PRIMARY KEY (`id`),
  UNIQUE KEY `id_UNIQUE` (`id`)
) ENGINE=InnoDB DEFAULT CHARSET=utf8mb4 COLLATE=utf8mb4_0900_ai_ci;
/*!40101 SET character_set_client = @saved_cs_client */;

--
-- Dumping data for table `seven_log`
--

LOCK TABLES `seven_log` WRITE;
/*!40000 ALTER TABLE `seven_log` DISABLE KEYS */;
INSERT INTO `seven_log` VALUES (745529585516412928,1,'{\"goodId\":744924278494855168,\"num\":1,\"price\":\"800\",\"gobalUuid\":745529583914188800,\"parentUuid\":745529584149069824,\"currentUuid\":745529584253927424,\"userId\":123456}',0,0,'2022-07-15 00:00:00','2022-07-15 00:00:00',0,'745529584253927424'),(745546983439073280,0,'{\"goodId\":744924278494855168,\"num\":1,\"price\":\"800\",\"gobalUuid\":745546979911663616,\"parentUuid\":745546980083630080,\"currentUuid\":745546980205264896,\"userId\":123456,\"uk\":745546980083630080}',0,0,'2022-07-15 00:00:00','2022-07-15 00:00:00',0,'745546980205264896'),(745547380161511424,0,'{\"goodId\":744924278494855168,\"num\":1,\"price\":\"800\",\"gobalUuid\":745547379507200000,\"parentUuid\":745547379616251904,\"currentUuid\":745547379666583552,\"userId\":123456,\"uk\":745547379616251904}',0,0,'2022-07-15 00:00:00','2022-07-15 00:00:00',0,'745547379666583552'),(745555894833512448,0,'{\"goodId\":744924278494855168,\"num\":1,\"price\":\"800\",\"gobalUuid\":745555892698611712,\"parentUuid\":745555892899938304,\"currentUuid\":745555893055127552,\"userId\":123456,\"uk\":745555893055127552}',0,0,'2022-07-15 00:00:00','2022-07-15 00:00:00',0,'745555893055127552');
/*!40000 ALTER TABLE `seven_log` ENABLE KEYS */;
UNLOCK TABLES;

--
-- Table structure for table `seven_order`
--

DROP TABLE IF EXISTS `seven_order`;
/*!40101 SET @saved_cs_client     = @@character_set_client */;
/*!50503 SET character_set_client = utf8mb4 */;
CREATE TABLE `seven_order` (
  `id` bigint NOT NULL,
  `sn` bigint NOT NULL COMMENT '订单ID',
  `trade_sn` bigint NOT NULL COMMENT '交易订单ID',
  `user_id` bigint NOT NULL COMMENT '会员ID',
  `order_status` int NOT NULL COMMENT '订单状态',
  `pay_status` int NOT NULL COMMENT '支付状态',
  `deliver_status` int NOT NULL COMMENT '物流状态',
  `payment_method` int NOT NULL COMMENT '支付方式',
  `pay_price` decimal(6,0) NOT NULL COMMENT '支付金额',
  `order_price` decimal(6,0) NOT NULL COMMENT '订单金额',
  `client_type` int NOT NULL COMMENT '订单来源',
  `is_deleted` int NOT NULL COMMENT '逻辑删除',
  `gmt_create` datetime NOT NULL COMMENT '创建时间',
  `gmt_modified` datetime NOT NULL COMMENT '修改时间',
  PRIMARY KEY (`id`)
) ENGINE=InnoDB DEFAULT CHARSET=utf8mb4 COLLATE=utf8mb4_0900_ai_ci;
/*!40101 SET character_set_client = @saved_cs_client */;

--
-- Dumping data for table `seven_order`
--

LOCK TABLES `seven_order` WRITE;
/*!40000 ALTER TABLE `seven_order` DISABLE KEYS */;
/*!40000 ALTER TABLE `seven_order` ENABLE KEYS */;
UNLOCK TABLES;

--
-- Table structure for table `seven_order_item`
--

DROP TABLE IF EXISTS `seven_order_item`;
/*!40101 SET @saved_cs_client     = @@character_set_client */;
/*!50503 SET character_set_client = utf8mb4 */;
CREATE TABLE `seven_order_item` (
  `id` bigint NOT NULL,
  `order_sn` bigint NOT NULL,
  `sn` bigint NOT NULL,
  `good_Id` bigint NOT NULL,
  `sku_Id` bigint NOT NULL,
  `num` int NOT NULL,
  `trade_sn` bigint NOT NULL,
  `good_price` decimal(6,0) NOT NULL,
  `flow_price` decimal(6,0) NOT NULL,
  `is_deleted` int NOT NULL,
  `gmt_create` datetime NOT NULL,
  `gmt_modified` datetime NOT NULL,
  PRIMARY KEY (`id`)
) ENGINE=InnoDB DEFAULT CHARSET=utf8mb4 COLLATE=utf8mb4_0900_ai_ci;
/*!40101 SET character_set_client = @saved_cs_client */;

--
-- Dumping data for table `seven_order_item`
--

LOCK TABLES `seven_order_item` WRITE;
/*!40000 ALTER TABLE `seven_order_item` DISABLE KEYS */;
/*!40000 ALTER TABLE `seven_order_item` ENABLE KEYS */;
UNLOCK TABLES;

--
-- Table structure for table `seven_property_name`
--

DROP TABLE IF EXISTS `seven_property_name`;
/*!40101 SET @saved_cs_client     = @@character_set_client */;
/*!50503 SET character_set_client = utf8mb4 */;
CREATE TABLE `seven_property_name` (
  `id` bigint NOT NULL COMMENT '主键ID',
  `name` varchar(45) NOT NULL COMMENT '属性名称',
  `supplier_id` bigint NOT NULL COMMENT '供应商ID',
  `category_id` bigint NOT NULL COMMENT '类目ID',
  `is_allow_alias` int NOT NULL COMMENT '是否允许别名: 1是0否',
  `is_color` int NOT NULL COMMENT '是否颜色属性: 1是0否',
  `is_enum` int NOT NULL COMMENT '是否枚举: 1是0否',
  `is_input` int NOT NULL COMMENT '是否输入属性: 1是0否',
  `is_key` int NOT NULL COMMENT '是否关键属性: 1是0否',
  `is_sale` int NOT NULL COMMENT '是否销售属性:1是0否',
  `is_search` int NOT NULL COMMENT '是否搜索字段: 1是0否',
  `is_must` int NOT NULL COMMENT '是否必须属性: 1是0否',
  `is_multi` int NOT NULL COMMENT '是否多选: 1是0否',
  `status` int NOT NULL COMMENT '状态: 1启用,0禁用',
  `sort` int NOT NULL COMMENT '排序字段',
  `is_deleted` int NOT NULL COMMENT ' 1 表示删除，0 表示未删除',
  `gmt_create` datetime NOT NULL COMMENT '创建时间',
  `gmt_modified` datetime NOT NULL COMMENT '更新时间',
  PRIMARY KEY (`id`)
) ENGINE=InnoDB DEFAULT CHARSET=utf8mb4 COLLATE=utf8mb4_0900_ai_ci;
/*!40101 SET character_set_client = @saved_cs_client */;

--
-- Dumping data for table `seven_property_name`
--

LOCK TABLES `seven_property_name` WRITE;
/*!40000 ALTER TABLE `seven_property_name` DISABLE KEYS */;
INSERT INTO `seven_property_name` VALUES (744924278922674176,'重量',744924278574546944,742710452110229504,0,0,0,0,0,0,0,0,0,0,0,0,'2022-07-14 03:44:14','2022-07-14 03:44:14'),(744924279358881792,'选择系列',744924278574546944,742710452110229504,0,0,0,0,0,0,0,0,0,0,0,0,'2022-07-14 03:44:14','2022-07-14 03:44:14'),(744924279887364096,'增值保障',744924278574546944,742710452110229504,0,0,0,0,0,0,0,0,0,0,0,0,'2022-07-14 03:44:14','2022-07-14 03:44:14'),(744924280373903360,'套装',744924278574546944,742710452110229504,0,0,0,0,0,0,0,0,0,0,0,0,'2022-07-14 03:44:14','2022-07-14 03:44:14'),(744924280495538176,'白条分期',744924278574546944,742710452110229504,0,0,0,0,0,0,0,0,0,0,0,0,'2022-07-14 03:44:14','2022-07-14 03:44:14'),(744924280675893248,'增值业务',744924278574546944,742710452110229504,0,0,0,0,0,0,0,0,0,0,0,0,'2022-07-14 03:44:14','2022-07-14 03:44:14');
/*!40000 ALTER TABLE `seven_property_name` ENABLE KEYS */;
UNLOCK TABLES;

--
-- Table structure for table `seven_property_value`
--

DROP TABLE IF EXISTS `seven_property_value`;
/*!40101 SET @saved_cs_client     = @@character_set_client */;
/*!50503 SET character_set_client = utf8mb4 */;
CREATE TABLE `seven_property_value` (
  `id` bigint NOT NULL,
  `value` varchar(100) NOT NULL,
  `prop_name_id` bigint NOT NULL,
  `status` int NOT NULL,
  `sort` int NOT NULL,
  `is_deleted` int NOT NULL,
  `gmt_create` datetime NOT NULL,
  `gmt_modified` datetime NOT NULL,
  PRIMARY KEY (`id`)
) ENGINE=InnoDB DEFAULT CHARSET=utf8mb4 COLLATE=utf8mb4_0900_ai_ci;
/*!40101 SET character_set_client = @saved_cs_client */;

--
-- Dumping data for table `seven_property_value`
--

LOCK TABLES `seven_property_value` WRITE;
/*!40000 ALTER TABLE `seven_property_value` DISABLE KEYS */;
INSERT INTO `seven_property_value` VALUES (744924279191109632,'8.735kg',744924278922674176,0,0,0,'2022-07-14 03:44:14','2022-07-14 03:44:14'),(744924279480516608,'Spring Cloud Alibaba(两册);Flink实战派;Spring Cloud实战派;分布式事务之Seata',744924279358881792,0,0,0,'2022-07-14 03:44:14','2022-07-14 03:44:14'),(744924279535042560,'Spring Cloud Alibaba(两册);Flink实战派;Spring Cloud实战派;分布式事务之Seata',744924279358881792,0,0,0,'2022-07-14 03:44:14','2022-07-14 03:44:14'),(744924279686037504,'Spring Cloud Alibaba(两册);Flink实战派;Spring Cloud实战派;分布式事务之Seata',744924279358881792,0,0,0,'2022-07-14 03:44:14','2022-07-14 03:44:14'),(744924279736369152,'Spring Cloud Alibaba(两册);Flink实战派;Spring Cloud实战派;分布式事务之Seata',744924279358881792,0,0,0,'2022-07-14 03:44:14','2022-07-14 03:44:14'),(744924280227102720,'2年爱心收',744924279887364096,0,0,0,'2022-07-14 03:44:14','2022-07-14 03:44:14'),(744924280436817920,'优惠套装1',744924280373903360,0,0,0,'2022-07-14 03:44:14','2022-07-14 03:44:14'),(744924280541675520,'不分期;3期;6期',744924280495538176,0,0,0,'2022-07-14 03:44:14','2022-07-14 03:44:14'),(744924280587812864,'不分期;3期;6期',744924280495538176,0,0,0,'2022-07-14 03:44:14','2022-07-14 03:44:14'),(744924280638144512,'不分期;3期;6期',744924280495538176,0,0,0,'2022-07-14 03:44:14','2022-07-14 03:44:14'),(744924280722030592,'助力环保',744924280675893248,0,0,0,'2022-07-14 03:44:14','2022-07-14 03:44:14'),(744924280822693888,'Spring Cloud Alibaba(两册);Flink实战派;Spring Cloud实战派;分布式事务之Seata',744924279358881792,0,0,0,'2022-07-14 03:44:14','2022-07-14 03:44:14'),(744924280847859712,'Spring Cloud Alibaba(两册);Flink实战派;Spring Cloud实战派;分布式事务之Seata',744924279358881792,0,0,0,'2022-07-14 03:44:14','2022-07-14 03:44:14'),(744924280877219840,'Spring Cloud Alibaba(两册);Flink实战派;Spring Cloud实战派;分布式事务之Seata',744924279358881792,0,0,0,'2022-07-14 03:44:14','2022-07-14 03:44:14'),(744924280906579968,'Spring Cloud Alibaba(两册);Flink实战派;Spring Cloud实战派;分布式事务之Seata',744924279358881792,0,0,0,'2022-07-14 03:44:14','2022-07-14 03:44:14'),(744924281082740736,'不分期;3期;6期',744924280495538176,0,0,0,'2022-07-14 03:44:14','2022-07-14 03:44:14'),(744924281112100864,'不分期;3期;6期',744924280495538176,0,0,0,'2022-07-14 03:44:14','2022-07-14 03:44:14'),(744924281141460992,'不分期;3期;6期',744924280495538176,0,0,0,'2022-07-14 03:44:14','2022-07-14 03:44:14'),(744924281242124288,'Spring Cloud Alibaba(两册);Flink实战派;Spring Cloud实战派;分布式事务之Seata',744924279358881792,0,0,0,'2022-07-14 03:44:14','2022-07-14 03:44:14'),(744924281300844544,'Spring Cloud Alibaba(两册);Flink实战派;Spring Cloud实战派;分布式事务之Seata',744924279358881792,0,0,0,'2022-07-14 03:44:14','2022-07-14 03:44:14'),(744924281326010368,'Spring Cloud Alibaba(两册);Flink实战派;Spring Cloud实战派;分布式事务之Seata',744924279358881792,0,0,0,'2022-07-14 03:44:14','2022-07-14 03:44:14'),(744924281388924928,'Spring Cloud Alibaba(两册);Flink实战派;Spring Cloud实战派;分布式事务之Seata',744924279358881792,0,0,0,'2022-07-14 03:44:14','2022-07-14 03:44:14'),(744924281548308480,'不分期;3期;6期',744924280495538176,0,0,0,'2022-07-14 03:44:14','2022-07-14 03:44:14'),(744924281573474304,'不分期;3期;6期',744924280495538176,0,0,0,'2022-07-14 03:44:14','2022-07-14 03:44:14'),(744924281586057216,'不分期;3期;6期',744924280495538176,0,0,0,'2022-07-14 03:44:14','2022-07-14 03:44:14'),(744924281661554688,'Spring Cloud Alibaba(两册);Flink实战派;Spring Cloud实战派;分布式事务之Seata',744924279358881792,0,0,0,'2022-07-14 03:44:14','2022-07-14 03:44:14'),(744924281678331904,'Spring Cloud Alibaba(两册);Flink实战派;Spring Cloud实战派;分布式事务之Seata',744924279358881792,0,0,0,'2022-07-14 03:44:14','2022-07-14 03:44:14'),(744924281699303424,'Spring Cloud Alibaba(两册);Flink实战派;Spring Cloud实战派;分布式事务之Seata',744924279358881792,0,0,0,'2022-07-14 03:44:14','2022-07-14 03:44:14'),(744924281720274944,'Spring Cloud Alibaba(两册);Flink实战派;Spring Cloud实战派;分布式事务之Seata',744924279358881792,0,0,0,'2022-07-14 03:44:14','2022-07-14 03:44:14'),(744924281854492672,'不分期;3期;6期',744924280495538176,0,0,0,'2022-07-14 03:44:14','2022-07-14 03:44:14'),(744924281888047104,'不分期;3期;6期',744924280495538176,0,0,0,'2022-07-14 03:44:14','2022-07-14 03:44:14'),(744924281925795840,'不分期;3期;6期',744924280495538176,0,0,0,'2022-07-14 03:44:14','2022-07-14 03:44:14'),(744924282055819264,'Spring Cloud Alibaba(两册);Flink实战派;Spring Cloud实战派;分布式事务之Seata',744924279358881792,0,0,0,'2022-07-14 03:44:14','2022-07-14 03:44:14'),(744924282080985088,'Spring Cloud Alibaba(两册);Flink实战派;Spring Cloud实战派;分布式事务之Seata',744924279358881792,0,0,0,'2022-07-14 03:44:15','2022-07-14 03:44:15'),(744924282106150912,'Spring Cloud Alibaba(两册);Flink实战派;Spring Cloud实战派;分布式事务之Seata',744924279358881792,0,0,0,'2022-07-14 03:44:15','2022-07-14 03:44:15'),(744924282131316736,'Spring Cloud Alibaba(两册);Flink实战派;Spring Cloud实战派;分布式事务之Seata',744924279358881792,0,0,0,'2022-07-14 03:44:15','2022-07-14 03:44:15'),(744924282223591424,'不分期;3期;6期',744924280495538176,0,0,0,'2022-07-14 03:44:15','2022-07-14 03:44:15'),(744924282282311680,'不分期;3期;6期',744924280495538176,0,0,0,'2022-07-14 03:44:15','2022-07-14 03:44:15'),(744924282349420544,'不分期;3期;6期',744924280495538176,0,0,0,'2022-07-14 03:44:15','2022-07-14 03:44:15');
/*!40000 ALTER TABLE `seven_property_value` ENABLE KEYS */;
UNLOCK TABLES;

--
-- Table structure for table `seven_supplier`
--

DROP TABLE IF EXISTS `seven_supplier`;
/*!40101 SET @saved_cs_client     = @@character_set_client */;
/*!50503 SET character_set_client = utf8mb4 */;
CREATE TABLE `seven_supplier` (
  `id` bigint NOT NULL COMMENT '主键ID',
  `short_name` varchar(45) NOT NULL COMMENT '供应商简称',
  `supplier_code` varchar(45) NOT NULL COMMENT '供应商编码',
  `legal_person_name` varchar(45) NOT NULL COMMENT '负责人名称',
  `legal_person_phone` varchar(45) NOT NULL COMMENT '负责人手机号码',
  `status` int NOT NULL,
  `is_deleted` varchar(45) NOT NULL COMMENT '供应商状态 1表示启用，0表示已中止',
  `gmt_create` datetime NOT NULL COMMENT '创建时间',
  `gmt_modified` datetime NOT NULL COMMENT '更新时间',
  PRIMARY KEY (`id`)
) ENGINE=InnoDB DEFAULT CHARSET=utf8mb4 COLLATE=utf8mb4_0900_ai_ci;
/*!40101 SET character_set_client = @saved_cs_client */;

--
-- Dumping data for table `seven_supplier`
--

LOCK TABLES `seven_supplier` WRITE;
/*!40000 ALTER TABLE `seven_supplier` DISABLE KEYS */;
/*!40000 ALTER TABLE `seven_supplier` ENABLE KEYS */;
UNLOCK TABLES;

--
-- Table structure for table `seven_supplier_after_sale`
--

DROP TABLE IF EXISTS `seven_supplier_after_sale`;
/*!40101 SET @saved_cs_client     = @@character_set_client */;
/*!50503 SET character_set_client = utf8mb4 */;
CREATE TABLE `seven_supplier_after_sale` (
  `id` bigint NOT NULL COMMENT '主键ID',
  `supplier_id` varchar(45) DEFAULT NULL COMMENT '供应商ID',
  `refund_region` varchar(45) DEFAULT NULL COMMENT '退货地区',
  `refund_address` varchar(45) DEFAULT NULL COMMENT '退货详细地址',
  `refund_contact_name` varchar(45) DEFAULT NULL COMMENT '退货联系人姓名',
  `refund_contact_phone` varchar(45) DEFAULT NULL COMMENT '退货联系人电话号码',
  `is_deleted` int DEFAULT NULL COMMENT '1 表示删除，0 表示未删除',
  `gmt_create` datetime DEFAULT NULL COMMENT '创建时间',
  `gmt_modified` datetime DEFAULT NULL COMMENT '更新时间',
  PRIMARY KEY (`id`)
) ENGINE=InnoDB DEFAULT CHARSET=utf8mb4 COLLATE=utf8mb4_0900_ai_ci;
/*!40101 SET character_set_client = @saved_cs_client */;

--
-- Dumping data for table `seven_supplier_after_sale`
--

LOCK TABLES `seven_supplier_after_sale` WRITE;
/*!40000 ALTER TABLE `seven_supplier_after_sale` DISABLE KEYS */;
/*!40000 ALTER TABLE `seven_supplier_after_sale` ENABLE KEYS */;
UNLOCK TABLES;

--
-- Table structure for table `seven_supplier_contract`
--

DROP TABLE IF EXISTS `seven_supplier_contract`;
/*!40101 SET @saved_cs_client     = @@character_set_client */;
/*!50503 SET character_set_client = utf8mb4 */;
CREATE TABLE `seven_supplier_contract` (
  `id` int NOT NULL COMMENT '主键ID',
  `supplier_id` varchar(45) NOT NULL COMMENT '供应商ID',
  `contract_code` varchar(45) NOT NULL COMMENT '合同编号',
  `name` varchar(45) NOT NULL COMMENT '合同名称',
  `type` int NOT NULL COMMENT '合同类型',
  `expire_date` timestamp NOT NULL COMMENT '合同截止日期',
  `is_long_effective` int NOT NULL COMMENT '1 表示长期有效，0 表示默认具备有效期',
  `is_deleted` varchar(45) NOT NULL COMMENT '1 表示删除，0 表示未删除',
  `gmt_create` datetime NOT NULL COMMENT '创建时间',
  `gmt_modified` datetime NOT NULL COMMENT '更新时间',
  PRIMARY KEY (`id`)
) ENGINE=InnoDB DEFAULT CHARSET=utf8mb4 COLLATE=utf8mb4_0900_ai_ci;
/*!40101 SET character_set_client = @saved_cs_client */;

--
-- Dumping data for table `seven_supplier_contract`
--

LOCK TABLES `seven_supplier_contract` WRITE;
/*!40000 ALTER TABLE `seven_supplier_contract` DISABLE KEYS */;
/*!40000 ALTER TABLE `seven_supplier_contract` ENABLE KEYS */;
UNLOCK TABLES;

--
-- Table structure for table `seven_supplier_enterprise`
--

DROP TABLE IF EXISTS `seven_supplier_enterprise`;
/*!40101 SET @saved_cs_client     = @@character_set_client */;
/*!50503 SET character_set_client = utf8mb4 */;
CREATE TABLE `seven_supplier_enterprise` (
  `id` bigint NOT NULL COMMENT '主键ID',
  `supplier_id` bigint NOT NULL COMMENT '供应商ID',
  `business_license_link` varchar(45) NOT NULL COMMENT '营业执照照片地址',
  `supplier_name` varchar(45) NOT NULL COMMENT '商户名称',
  `business_license_reg_no` varchar(45) NOT NULL COMMENT '营业执照注册号',
  `business_license_reg_address` varchar(45) NOT NULL COMMENT '营业执照注册地址',
  `business_license_start_time` datetime NOT NULL COMMENT '营业期限开始时间',
  `business_license_end_time` datetime NOT NULL COMMENT '营业期限结束时间',
  `height` bigint NOT NULL COMMENT '营业执照图片高度',
  `width` bigint NOT NULL COMMENT '营业执照图片宽度',
  `is_deleted` int NOT NULL COMMENT '1 表示删除，0 表示未删除 ',
  `gmt_create` datetime NOT NULL COMMENT '创建时间',
  `gmt_modified` datetime NOT NULL COMMENT '更新时间',
  PRIMARY KEY (`id`)
) ENGINE=InnoDB DEFAULT CHARSET=utf8mb4 COLLATE=utf8mb4_0900_ai_ci;
/*!40101 SET character_set_client = @saved_cs_client */;

--
-- Dumping data for table `seven_supplier_enterprise`
--

LOCK TABLES `seven_supplier_enterprise` WRITE;
/*!40000 ALTER TABLE `seven_supplier_enterprise` DISABLE KEYS */;
/*!40000 ALTER TABLE `seven_supplier_enterprise` ENABLE KEYS */;
UNLOCK TABLES;

--
-- Table structure for table `seven_supplier_settlement`
--

DROP TABLE IF EXISTS `seven_supplier_settlement`;
/*!40101 SET @saved_cs_client     = @@character_set_client */;
/*!50503 SET character_set_client = utf8mb4 */;
CREATE TABLE `seven_supplier_settlement` (
  `id` bigint NOT NULL COMMENT '主键ID',
  `supplier_id` bigint NOT NULL COMMENT '供应商ID',
  `account_type` int NOT NULL COMMENT '账户类型',
  `account_name` varchar(45) NOT NULL COMMENT '开户名称',
  `bank_of _deposit_account` varchar(45) NOT NULL COMMENT '开户银行账号',
  `bank_of_deposit_name` varchar(45) NOT NULL COMMENT '开户银行名称',
  `value_added_tax_rate` varchar(45) NOT NULL COMMENT '增值税率',
  `settlement_rate` varchar(45) NOT NULL COMMENT '结算费率',
  `is_deleted` varchar(45) NOT NULL COMMENT '1 表示删除，0 表示未删除 ',
  `gmt_create` datetime NOT NULL COMMENT '创建时间',
  `gmt_modified` datetime DEFAULT NULL COMMENT '更新时间',
  PRIMARY KEY (`id`)
) ENGINE=InnoDB DEFAULT CHARSET=utf8mb4 COLLATE=utf8mb4_0900_ai_ci;
/*!40101 SET character_set_client = @saved_cs_client */;

--
-- Dumping data for table `seven_supplier_settlement`
--

LOCK TABLES `seven_supplier_settlement` WRITE;
/*!40000 ALTER TABLE `seven_supplier_settlement` DISABLE KEYS */;
/*!40000 ALTER TABLE `seven_supplier_settlement` ENABLE KEYS */;
UNLOCK TABLES;
/*!40103 SET TIME_ZONE=@OLD_TIME_ZONE */;

/*!40101 SET SQL_MODE=@OLD_SQL_MODE */;
/*!40014 SET FOREIGN_KEY_CHECKS=@OLD_FOREIGN_KEY_CHECKS */;
/*!40014 SET UNIQUE_CHECKS=@OLD_UNIQUE_CHECKS */;
/*!40101 SET CHARACTER_SET_CLIENT=@OLD_CHARACTER_SET_CLIENT */;
/*!40101 SET CHARACTER_SET_RESULTS=@OLD_CHARACTER_SET_RESULTS */;
/*!40101 SET COLLATION_CONNECTION=@OLD_COLLATION_CONNECTION */;
/*!40111 SET SQL_NOTES=@OLD_SQL_NOTES */;

-- Dump completed on 2024-01-03 18:26:46
